"Symbol","Type","Start line","End line","Data type","Identifier tokens","Program Domain matches","Problem Domain matches","Symbol id"
"row_info","ParmDecl",25,25,"png_row_infop","row info","","","1502075916827"
"row","ParmDecl",25,25,"png_bytep","row","","","1501702505144"
"bit_depth","ParmDecl",25,25,"png_uint_32","bit depth","bit : Data-Structure and its Components","depth","1501039689359"
"row_info","ParmDecl",172,172,"png_row_infop","row info","","","1503967887191"
"row","ParmDecl",172,172,"png_bytep","row","","","1501836451561"
"bit_depth","ParmDecl",173,173,"png_const_color_8p","bit depth","bit : Data-Structure and its Components","depth","1501847492755"
"row_info","ParmDecl",310,310,"png_row_infop","row info","","","1504103611264"
"row","ParmDecl",310,310,"png_bytep","row","","","1504057938243"
"row_info","ParmDecl",404,404,"png_row_infop","row info","","","1500471349011"
"row","ParmDecl",404,404,"png_bytep","row","","","1503484804685"
"png_ptr","ParmDecl",501,501,"png_structrp","png ptr","","png","1503120682083"
"row_info","ParmDecl",501,501,"png_row_infop","row info","","","1501024756760"
"bit_depth","UnexposedExpr",29,29,"int","bit depth","bit : Data-Structure and its Components","depth","1501611815545"
"bit_depth","UnexposedExpr",29,29,"png_byte","bit depth","bit : Data-Structure and its Components","depth","1500494580256"
"row_info","UnexposedExpr",29,29,"png_row_infop","row info","","","1500060565074"
"channels","UnexposedExpr",30,30,"int","channels","","","1500880420400"
"channels","UnexposedExpr",30,30,"png_byte","channels","","","1500840630466"
"row_info","UnexposedExpr",30,30,"png_row_infop","row info","","","1502880960430"
"bit_depth","UnexposedExpr",32,32,"png_uint_32","bit depth","bit : Data-Structure and its Components","depth","1501122469559"
"width","UnexposedExpr",39,39,"png_uint_32","width","","","1503694569229"
"row_info","UnexposedExpr",39,39,"png_row_infop","row info","","","1501723741651"
"row","UnexposedExpr",41,41,"png_bytep","row","","","1501402758932"
"row","UnexposedExpr",42,42,"png_bytep","row","","","1503384813119"
"i","UnexposedExpr",46,46,"png_uint_32","i","","","1502709027689"
"row_width","UnexposedExpr",46,46,"png_uint_32","row width","","","1502908522771"
"sp","UnexposedExpr",48,48,"png_bytep","sp","","","1501018844820"
"mask","UnexposedExpr",49,49,"int","mask","","","1501312510746"
"mask","UnexposedExpr",53,53,"int","mask","","","1501211209029"
"dp","UnexposedExpr",59,59,"png_bytep","dp","","","1504104646083"
"v","UnexposedExpr",59,59,"int","v","","","1502219306941"
"mask","UnexposedExpr",65,65,"int","mask","","","1503557505515"
"dp","UnexposedExpr",66,66,"png_bytep","dp","","","1503614796095"
"v","UnexposedExpr",66,66,"int","v","","","1500298660613"
"width","UnexposedExpr",77,77,"png_uint_32","width","","","1500216872734"
"row_info","UnexposedExpr",77,77,"png_row_infop","row info","","","1502850711401"
"row","UnexposedExpr",79,79,"png_bytep","row","","","1503757917639"
"row","UnexposedExpr",80,80,"png_bytep","row","","","1502086274125"
"i","UnexposedExpr",84,84,"png_uint_32","i","","","1502874852338"
"row_width","UnexposedExpr",84,84,"png_uint_32","row width","","","1503848132649"
"sp","UnexposedExpr",88,88,"png_bytep","sp","","","1500700889750"
"value","UnexposedExpr",89,89,"int","value","value : Data-Structure and its Components","","1500687578045"
"value","UnexposedExpr",89,89,"png_byte","value","value : Data-Structure and its Components","","1503833081641"
"shift","UnexposedExpr",89,89,"unsigned int","shift","","","1500241913512"
"shift","UnexposedExpr",91,91,"unsigned int","shift","","","1503836815087"
"dp","UnexposedExpr",94,94,"png_bytep","dp","","","1502544261165"
"v","UnexposedExpr",94,94,"int","v","","","1502225681423"
"shift","UnexposedExpr",105,105,"unsigned int","shift","","","1503295520125"
"dp","UnexposedExpr",106,106,"png_bytep","dp","","","1503164197373"
"v","UnexposedExpr",106,106,"int","v","","","1502854350255"
"width","UnexposedExpr",117,117,"png_uint_32","width","","","1500225814614"
"row_info","UnexposedExpr",117,117,"png_row_infop","row info","","","1501947930481"
"row","UnexposedExpr",119,119,"png_bytep","row","","","1503667078748"
"row","UnexposedExpr",120,120,"png_bytep","row","","","1500464620589"
"i","UnexposedExpr",124,124,"png_uint_32","i","","","1501125508708"
"row_width","UnexposedExpr",124,124,"png_uint_32","row width","","","1500530597927"
"sp","UnexposedExpr",128,128,"png_bytep","sp","","","1500473683908"
"value","UnexposedExpr",129,129,"int","value","value : Data-Structure and its Components","","1502949283586"
"value","UnexposedExpr",129,129,"png_byte","value","value : Data-Structure and its Components","","1503188559494"
"shift","UnexposedExpr",129,129,"unsigned int","shift","","","1501621100739"
"shift","UnexposedExpr",131,131,"unsigned int","shift","","","1503251704793"
"dp","UnexposedExpr",134,134,"png_bytep","dp","","","1503715539625"
"v","UnexposedExpr",134,134,"int","v","","","1503491310839"
"shift","UnexposedExpr",145,145,"unsigned int","shift","","","1501800195673"
"dp","UnexposedExpr",146,146,"png_bytep","dp","","","1500054892984"
"v","UnexposedExpr",146,146,"int","v","","","1500599436760"
"row_info","UnexposedExpr",155,155,"png_row_infop","row info","","","1503759350118"
"bit_depth","UnexposedExpr",155,155,"png_uint_32","bit depth","bit : Data-Structure and its Components","depth","1503307730184"
"row_info","UnexposedExpr",156,156,"png_row_infop","row info","","","1501713634175"
"bit_depth","UnexposedExpr",156,156,"png_uint_32","bit depth","bit : Data-Structure and its Components","depth","1502474885605"
"channels","UnexposedExpr",156,156,"unsigned int","channels","","","1502662085514"
"channels","UnexposedExpr",156,156,"png_byte","channels","","","1500692647015"
"row_info","UnexposedExpr",156,156,"png_row_infop","row info","","","1501877814324"
"row_info","UnexposedExpr",157,157,"png_row_infop","row info","","","1500737868465"
"row_info","UnexposedExpr",157,157,"png_row_infop","row info","","","1502869712346"
"row_info","UnexposedExpr",158,158,"png_row_infop","row info","","","1500406080923"
"row_info","UnexposedExpr",157,157,"png_row_infop","row info","","","1500651286777"
"row_info","UnexposedExpr",158,158,"png_row_infop","row info","","","1501126329040"
"row_info","UnexposedExpr",157,157,"png_row_infop","row info","","","1500666648286"
"color_type","UnexposedExpr",177,177,"int","color type","","color","1503562803201"
"color_type","UnexposedExpr",177,177,"png_byte","color type","","color","1503776219878"
"row_info","UnexposedExpr",177,177,"png_row_infop","row info","","","1500997425937"
"color_type","UnexposedExpr",182,182,"int","color type","","color","1503555318950"
"color_type","UnexposedExpr",182,182,"png_byte","color type","","color","1503037166216"
"row_info","UnexposedExpr",182,182,"png_row_infop","row info","","","1503191470677"
"shift_start","UnexposedExpr",184,184,"int *","shift start","start : Time Complexity / Space Complexity/ Memory/ Exception","","1500584823861"
"channels","UnexposedExpr",184,184,"unsigned int","channels","","","1502117002358"
"bit_depth","UnexposedExpr",184,184,"int","bit depth","bit : Data-Structure and its Components","depth","1500108695242"
"bit_depth","UnexposedExpr",184,184,"png_byte","bit depth","bit : Data-Structure and its Components","depth","1500424335581"
"row_info","UnexposedExpr",184,184,"png_row_infop","row info","","","1502090709998"
"red","UnexposedExpr",184,184,"int","red","","red","1500728444988"
"red","UnexposedExpr",184,184,"png_byte","red","","red","1500712268536"
"bit_depth","UnexposedExpr",184,184,"png_const_color_8p","bit depth","bit : Data-Structure and its Components","depth","1500258402145"
"shift_dec","UnexposedExpr",185,185,"int *","shift dec","","","1502877468136"
"channels","UnexposedExpr",185,185,"unsigned int","channels","","","1503435823812"
"red","UnexposedExpr",185,185,"int","red","","red","1500210580658"
"red","UnexposedExpr",185,185,"png_byte","red","","red","1502617080439"
"bit_depth","UnexposedExpr",185,185,"png_const_color_8p","bit depth","bit : Data-Structure and its Components","depth","1503162891483"
"shift_start","UnexposedExpr",188,188,"int *","shift start","start : Time Complexity / Space Complexity/ Memory/ Exception","","1500944979162"
"channels","UnexposedExpr",188,188,"unsigned int","channels","","","1500540809100"
"bit_depth","UnexposedExpr",188,188,"int","bit depth","bit : Data-Structure and its Components","depth","1503847558940"
"bit_depth","UnexposedExpr",188,188,"png_byte","bit depth","bit : Data-Structure and its Components","depth","1501210782052"
"row_info","UnexposedExpr",188,188,"png_row_infop","row info","","","1504009005623"
"green","UnexposedExpr",188,188,"int","green","","green","1501925353360"
"green","UnexposedExpr",188,188,"png_byte","green","","green","1501406222187"
"bit_depth","UnexposedExpr",188,188,"png_const_color_8p","bit depth","bit : Data-Structure and its Components","depth","1500537598764"
"shift_dec","UnexposedExpr",189,189,"int *","shift dec","","","1502989142449"
"channels","UnexposedExpr",189,189,"unsigned int","channels","","","1503291207735"
"green","UnexposedExpr",189,189,"int","green","","green","1500962544095"
"green","UnexposedExpr",189,189,"png_byte","green","","green","1500833472578"
"bit_depth","UnexposedExpr",189,189,"png_const_color_8p","bit depth","bit : Data-Structure and its Components","depth","1502616105793"
"shift_start","UnexposedExpr",192,192,"int *","shift start","start : Time Complexity / Space Complexity/ Memory/ Exception","","1501937973051"
"channels","UnexposedExpr",192,192,"unsigned int","channels","","","1500035232252"
"bit_depth","UnexposedExpr",192,192,"int","bit depth","bit : Data-Structure and its Components","depth","1502137149659"
"bit_depth","UnexposedExpr",192,192,"png_byte","bit depth","bit : Data-Structure and its Components","depth","1502969493116"
"row_info","UnexposedExpr",192,192,"png_row_infop","row info","","","1504283220123"
"blue","UnexposedExpr",192,192,"int","blue","","blue","1501257650805"
"blue","UnexposedExpr",192,192,"png_byte","blue","","blue","1503360989925"
"bit_depth","UnexposedExpr",192,192,"png_const_color_8p","bit depth","bit : Data-Structure and its Components","depth","1503099353774"
"shift_dec","UnexposedExpr",193,193,"int *","shift dec","","","1502653870768"
"channels","UnexposedExpr",193,193,"unsigned int","channels","","","1502251317264"
"blue","UnexposedExpr",193,193,"int","blue","","blue","1501325491904"
"blue","UnexposedExpr",193,193,"png_byte","blue","","blue","1503150961843"
"bit_depth","UnexposedExpr",193,193,"png_const_color_8p","bit depth","bit : Data-Structure and its Components","depth","1502757167679"
"shift_start","UnexposedExpr",199,199,"int *","shift start","start : Time Complexity / Space Complexity/ Memory/ Exception","","1503886941952"
"channels","UnexposedExpr",199,199,"unsigned int","channels","","","1503136766735"
"bit_depth","UnexposedExpr",199,199,"int","bit depth","bit : Data-Structure and its Components","depth","1500075426503"
"bit_depth","UnexposedExpr",199,199,"png_byte","bit depth","bit : Data-Structure and its Components","depth","1504028470979"
"row_info","UnexposedExpr",199,199,"png_row_infop","row info","","","1503160229274"
"gray","UnexposedExpr",199,199,"int","gray","","gray","1504259641231"
"gray","UnexposedExpr",199,199,"png_byte","gray","","gray","1502215759786"
"bit_depth","UnexposedExpr",199,199,"png_const_color_8p","bit depth","bit : Data-Structure and its Components","depth","1501200290031"
"shift_dec","UnexposedExpr",200,200,"int *","shift dec","","","1502247351394"
"channels","UnexposedExpr",200,200,"unsigned int","channels","","","1503752672498"
"gray","UnexposedExpr",200,200,"int","gray","","gray","1502670514362"
"gray","UnexposedExpr",200,200,"png_byte","gray","","gray","1504016343761"
"bit_depth","UnexposedExpr",200,200,"png_const_color_8p","bit depth","bit : Data-Structure and its Components","depth","1501455208020"
"color_type","UnexposedExpr",204,204,"int","color type","","color","1502075827495"
"color_type","UnexposedExpr",204,204,"png_byte","color type","","color","1500636494330"
"row_info","UnexposedExpr",204,204,"png_row_infop","row info","","","1500638116731"
"shift_start","UnexposedExpr",206,206,"int *","shift start","start : Time Complexity / Space Complexity/ Memory/ Exception","","1500225227907"
"channels","UnexposedExpr",206,206,"unsigned int","channels","","","1503586311644"
"bit_depth","UnexposedExpr",206,206,"int","bit depth","bit : Data-Structure and its Components","depth","1500181475005"
"bit_depth","UnexposedExpr",206,206,"png_byte","bit depth","bit : Data-Structure and its Components","depth","1500707823817"
"row_info","UnexposedExpr",206,206,"png_row_infop","row info","","","1503924338756"
"alpha","UnexposedExpr",206,206,"int","alpha","","alpha","1502123881481"
"alpha","UnexposedExpr",206,206,"png_byte","alpha","","alpha","1501586379920"
"bit_depth","UnexposedExpr",206,206,"png_const_color_8p","bit depth","bit : Data-Structure and its Components","depth","1502217938984"
"shift_dec","UnexposedExpr",207,207,"int *","shift dec","","","1501955895247"
"channels","UnexposedExpr",207,207,"unsigned int","channels","","","1501221679412"
"alpha","UnexposedExpr",207,207,"int","alpha","","alpha","1501511440263"
"alpha","UnexposedExpr",207,207,"png_byte","alpha","","alpha","1503900867158"
"bit_depth","UnexposedExpr",207,207,"png_const_color_8p","bit depth","bit : Data-Structure and its Components","depth","1503926334672"
"bit_depth","UnexposedExpr",212,212,"int","bit depth","bit : Data-Structure and its Components","depth","1500918888784"
"bit_depth","UnexposedExpr",212,212,"png_byte","bit depth","bit : Data-Structure and its Components","depth","1503869186227"
"row_info","UnexposedExpr",212,212,"png_row_infop","row info","","","1503261370689"
"row","UnexposedExpr",214,214,"png_bytep","row","","","1503430204983"
"rowbytes","UnexposedExpr",217,217,"size_t","rowbytes","","","1501885529943"
"row_info","UnexposedExpr",217,217,"png_row_infop","row info","","","1501707798854"
"gray","UnexposedExpr",219,219,"int","gray","","gray","1502680982150"
"gray","UnexposedExpr",219,219,"png_byte","gray","","gray","1503247793726"
"bit_depth","UnexposedExpr",219,219,"png_const_color_8p","bit depth","bit : Data-Structure and its Components","depth","1500288590641"
"bit_depth","UnexposedExpr",219,219,"int","bit depth","bit : Data-Structure and its Components","depth","1500983919094"
"bit_depth","UnexposedExpr",219,219,"png_byte","bit depth","bit : Data-Structure and its Components","depth","1500063810178"
"row_info","UnexposedExpr",219,219,"png_row_infop","row info","","","1500708367000"
"bit_depth","UnexposedExpr",222,222,"int","bit depth","bit : Data-Structure and its Components","depth","1503323926828"
"bit_depth","UnexposedExpr",222,222,"png_byte","bit depth","bit : Data-Structure and its Components","depth","1502844946120"
"row_info","UnexposedExpr",222,222,"png_row_infop","row info","","","1501525868435"
"gray","UnexposedExpr",222,222,"int","gray","","gray","1501808150798"
"gray","UnexposedExpr",222,222,"png_byte","gray","","gray","1501898607375"
"bit_depth","UnexposedExpr",222,222,"png_const_color_8p","bit depth","bit : Data-Structure and its Components","depth","1500730566414"
"i","UnexposedExpr",228,228,"size_t","i","","","1503387020517"
"row_bytes","UnexposedExpr",228,228,"size_t","row bytes","bytes : Time Complexity / Space Complexity/ Memory/ Exception","","1503215098585"
"bp","UnexposedExpr",233,233,"png_bytep","bp","","","1503878134448"
"shift_start","UnexposedExpr",236,236,"int *","shift start","start : Time Complexity / Space Complexity/ Memory/ Exception","","1501303534183"
"j","UnexposedExpr",236,236,"int","j","","","1500972570654"
"shift_dec","UnexposedExpr",236,236,"int *","shift dec","","","1501215671447"
"shift_dec","UnexposedExpr",236,236,"int *","shift dec","","","1502412134795"
"j","UnexposedExpr",238,238,"int","j","","","1504059888973"
"v","UnexposedExpr",239,239,"unsigned int","v","","","1502457207347"
"j","UnexposedExpr",239,239,"int","j","","","1502323395819"
"v","UnexposedExpr",242,242,"unsigned int","v","","","1501239401835"
"j","UnexposedExpr",242,242,"int","j","","","1501434179612"
"mask","UnexposedExpr",242,242,"unsigned int","mask","","","1502008424505"
"bp","UnexposedExpr",245,245,"png_bytep","bp","","","1503304434971"
"out","UnexposedExpr",245,245,"unsigned int","out","out : Properties of Datastructure / Function / Blocks","","1500104641491"
"bit_depth","UnexposedExpr",249,249,"int","bit depth","bit : Data-Structure and its Components","depth","1502862574753"
"bit_depth","UnexposedExpr",249,249,"png_byte","bit depth","bit : Data-Structure and its Components","depth","1500384987031"
"row_info","UnexposedExpr",249,249,"png_row_infop","row info","","","1501552418052"
"row","UnexposedExpr",251,251,"png_bytep","row","","","1500356640711"
"channels","UnexposedExpr",253,253,"unsigned int","channels","","","1501129188408"
"width","UnexposedExpr",253,253,"png_uint_32","width","","","1503417955685"
"row_info","UnexposedExpr",253,253,"png_row_infop","row info","","","1502072795842"
"i","UnexposedExpr",255,255,"png_uint_32","i","","","1502595224961"
"istop","UnexposedExpr",255,255,"png_uint_32","istop","","","1501772269403"
"i","UnexposedExpr",257,257,"png_uint_32","i","","","1503413926366"
"channels","UnexposedExpr",257,257,"unsigned int","channels","","","1503601284494"
"bp","UnexposedExpr",261,261,"png_bytep","bp","","","1504162510644"
"shift_start","UnexposedExpr",264,264,"int *","shift start","start : Time Complexity / Space Complexity/ Memory/ Exception","","1503214797385"
"c","UnexposedExpr",264,264,"unsigned int","c","","","1500044698936"
"j","UnexposedExpr",264,264,"int","j","","","1501729211552"
"shift_dec","UnexposedExpr",264,264,"int *","shift dec","","","1503407160616"
"c","UnexposedExpr",264,264,"unsigned int","c","","","1500718583513"
"shift_dec","UnexposedExpr",264,264,"int *","shift dec","","","1501078956428"
"c","UnexposedExpr",264,264,"unsigned int","c","","","1502710258410"
"j","UnexposedExpr",266,266,"int","j","","","1503259904279"
"v","UnexposedExpr",267,267,"unsigned int","v","","","1503553592655"
"j","UnexposedExpr",267,267,"int","j","","","1503337194727"
"v","UnexposedExpr",270,270,"unsigned int","v","","","1501613438339"
"j","UnexposedExpr",270,270,"int","j","","","1500427547831"
"bp","UnexposedExpr",273,273,"png_bytep","bp","","","1503095165394"
"out","UnexposedExpr",273,273,"unsigned int","out","out : Properties of Datastructure / Function / Blocks","","1500688509856"
"channels","UnexposedExpr",281,281,"unsigned int","channels","","","1501944256389"
"width","UnexposedExpr",281,281,"png_uint_32","width","","","1500011514345"
"row_info","UnexposedExpr",281,281,"png_row_infop","row info","","","1502503129686"
"row","UnexposedExpr",283,283,"png_bytep","row","","","1502533506678"
"i","UnexposedExpr",283,283,"png_uint_32","i","","","1502054141343"
"istop","UnexposedExpr",283,283,"png_uint_32","istop","","","1503712944065"
"i","UnexposedExpr",285,285,"png_uint_32","i","","","1502444617336"
"channels","UnexposedExpr",285,285,"unsigned int","channels","","","1501604231462"
"shift_start","UnexposedExpr",292,292,"int *","shift start","start : Time Complexity / Space Complexity/ Memory/ Exception","","1500484784401"
"c","UnexposedExpr",292,292,"unsigned int","c","","","1502976760628"
"j","UnexposedExpr",292,292,"int","j","","","1502183173198"
"shift_dec","UnexposedExpr",292,292,"int *","shift dec","","","1503508059323"
"c","UnexposedExpr",292,292,"unsigned int","c","","","1501781194812"
"shift_dec","UnexposedExpr",292,292,"int *","shift dec","","","1502883767788"
"c","UnexposedExpr",292,292,"unsigned int","c","","","1503681037212"
"j","UnexposedExpr",294,294,"int","j","","","1503018383417"
"v","UnexposedExpr",295,295,"unsigned int","v","","","1502056069181"
"j","UnexposedExpr",295,295,"int","j","","","1503896490579"
"v","UnexposedExpr",298,298,"unsigned int","v","","","1503914335036"
"j","UnexposedExpr",298,298,"int","j","","","1503453849204"
"value","UnexposedExpr",300,300,"unsigned int","value","value : Data-Structure and its Components","","1500439188604"
"value","UnexposedExpr",301,301,"unsigned int","value","value : Data-Structure and its Components","","1500496823699"
"color_type","UnexposedExpr",315,315,"int","color type","","color","1501698230178"
"color_type","UnexposedExpr",315,315,"png_byte","color type","","color","1501135373176"
"row_info","UnexposedExpr",315,315,"png_row_infop","row info","","","1502472060426"
"bit_depth","UnexposedExpr",317,317,"int","bit depth","bit : Data-Structure and its Components","depth","1500752521641"
"bit_depth","UnexposedExpr",317,317,"png_byte","bit depth","bit : Data-Structure and its Components","depth","1503118187410"
"row_info","UnexposedExpr",317,317,"png_row_infop","row info","","","1502890472411"
"width","UnexposedExpr",322,322,"png_uint_32","width","","","1501913946129"
"row_info","UnexposedExpr",322,322,"png_row_infop","row info","","","1501937517126"
"row","UnexposedExpr",324,324,"png_bytep","row","","","1502524450298"
"i","UnexposedExpr",324,324,"png_uint_32","i","","","1503072063050"
"row_width","UnexposedExpr",324,324,"png_uint_32","row width","","","1502600680849"
"save","UnexposedExpr",330,330,"png_byte","save","","","1503454026305"
"width","UnexposedExpr",340,340,"png_uint_32","width","","","1500709725746"
"row_info","UnexposedExpr",340,340,"png_row_infop","row info","","","1502708761702"
"row","UnexposedExpr",342,342,"png_bytep","row","","","1500406294518"
"i","UnexposedExpr",342,342,"png_uint_32","i","","","1502612128272"
"row_width","UnexposedExpr",342,342,"png_uint_32","row width","","","1503776415206"
"save","UnexposedExpr",345,345,"png_byte *","save","","","1500551061309"
"save","UnexposedExpr",346,346,"png_byte *","save","","","1502744708354"
"save","UnexposedExpr",353,353,"png_byte *","save","","","1503319787821"
"save","UnexposedExpr",354,354,"png_byte *","save","","","1501284913126"
"color_type","UnexposedExpr",360,360,"int","color type","","color","1504288181037"
"color_type","UnexposedExpr",360,360,"png_byte","color type","","color","1501430701510"
"row_info","UnexposedExpr",360,360,"png_row_infop","row info","","","1503267242445"
"bit_depth","UnexposedExpr",362,362,"int","bit depth","bit : Data-Structure and its Components","depth","1501839859093"
"bit_depth","UnexposedExpr",362,362,"png_byte","bit depth","bit : Data-Structure and its Components","depth","1502182265075"
"row_info","UnexposedExpr",362,362,"png_row_infop","row info","","","1500061279698"
"width","UnexposedExpr",367,367,"png_uint_32","width","","","1501433540614"
"row_info","UnexposedExpr",367,367,"png_row_infop","row info","","","1500600181406"
"row","UnexposedExpr",369,369,"png_bytep","row","","","1501759462954"
"i","UnexposedExpr",369,369,"png_uint_32","i","","","1500342021223"
"row_width","UnexposedExpr",369,369,"png_uint_32","row width","","","1503753298079"
"save","UnexposedExpr",373,373,"png_byte","save","","","1503405943933"
"width","UnexposedExpr",383,383,"png_uint_32","width","","","1504178439008"
"row_info","UnexposedExpr",383,383,"png_row_infop","row info","","","1500121355955"
"row","UnexposedExpr",385,385,"png_bytep","row","","","1502237936921"
"i","UnexposedExpr",385,385,"png_uint_32","i","","","1502368298303"
"row_width","UnexposedExpr",385,385,"png_uint_32","row width","","","1501562226259"
"save","UnexposedExpr",388,388,"png_byte *","save","","","1500177394907"
"save","UnexposedExpr",389,389,"png_byte *","save","","","1500787864838"
"save","UnexposedExpr",392,392,"png_byte *","save","","","1503487851388"
"save","UnexposedExpr",393,393,"png_byte *","save","","","1503449672426"
"color_type","UnexposedExpr",409,409,"int","color type","","color","1502057193046"
"color_type","UnexposedExpr",409,409,"png_byte","color type","","color","1500496905747"
"row_info","UnexposedExpr",409,409,"png_row_infop","row info","","","1500718022601"
"bit_depth","UnexposedExpr",411,411,"int","bit depth","bit : Data-Structure and its Components","depth","1501070891925"
"bit_depth","UnexposedExpr",411,411,"png_byte","bit depth","bit : Data-Structure and its Components","depth","1502600962687"
"row_info","UnexposedExpr",411,411,"png_row_infop","row info","","","1501953804577"
"width","UnexposedExpr",416,416,"png_uint_32","width","","","1502608675351"
"row_info","UnexposedExpr",416,416,"png_row_infop","row info","","","1500181849142"
"row","UnexposedExpr",418,418,"png_bytep","row","","","1503142308263"
"i","UnexposedExpr",418,418,"png_uint_32","i","","","1503159305079"
"row_width","UnexposedExpr",418,418,"png_uint_32","row width","","","1501937379614"
"sp","UnexposedExpr",425,425,"png_bytep","sp","","","1501352995147"
"dp","UnexposedExpr",426,426,"png_bytep","dp","","","1502680669975"
"width","UnexposedExpr",436,436,"png_uint_32","width","","","1504209691273"
"row_info","UnexposedExpr",436,436,"png_row_infop","row info","","","1502345040285"
"row","UnexposedExpr",438,438,"png_bytep","row","","","1503864846040"
"i","UnexposedExpr",438,438,"png_uint_32","i","","","1503261361694"
"row_width","UnexposedExpr",438,438,"png_uint_32","row width","","","1501435087796"
"sp","UnexposedExpr",448,448,"png_bytep","sp","","","1500223133450"
"dp","UnexposedExpr",450,450,"png_bytep","dp","","","1503453642361"
"color_type","UnexposedExpr",456,456,"int","color type","","color","1502973554900"
"color_type","UnexposedExpr",456,456,"png_byte","color type","","color","1503712417994"
"row_info","UnexposedExpr",456,456,"png_row_infop","row info","","","1502641063446"
"bit_depth","UnexposedExpr",458,458,"int","bit depth","bit : Data-Structure and its Components","depth","1500011191603"
"bit_depth","UnexposedExpr",458,458,"png_byte","bit depth","bit : Data-Structure and its Components","depth","1503182590709"
"row_info","UnexposedExpr",458,458,"png_row_infop","row info","","","1500809263423"
"width","UnexposedExpr",463,463,"png_uint_32","width","","","1500993579374"
"row_info","UnexposedExpr",463,463,"png_row_infop","row info","","","1502548288837"
"row","UnexposedExpr",465,465,"png_bytep","row","","","1501120027668"
"i","UnexposedExpr",465,465,"png_uint_32","i","","","1502829216518"
"row_width","UnexposedExpr",465,465,"png_uint_32","row width","","","1501647965612"
"width","UnexposedExpr",478,478,"png_uint_32","width","","","1500404079084"
"row_info","UnexposedExpr",478,478,"png_row_infop","row info","","","1500150033934"
"row","UnexposedExpr",480,480,"png_bytep","row","","","1502772369962"
"i","UnexposedExpr",480,480,"png_uint_32","i","","","1502786866503"
"row_width","UnexposedExpr",480,480,"png_uint_32","row width","","","1501242785960"
"sp","UnexposedExpr",486,486,"png_bytep","sp","","","1501912300502"
"dp","UnexposedExpr",488,488,"png_bytep","dp","","","1502245327061"
"png_ptr","UnexposedExpr",505,505,"png_struct *","png ptr","","png","1502079112734"
"transformations","UnexposedExpr",509,509,"png_uint_32","transformations","","","1503487818664"
"png_ptr","UnexposedExpr",509,509,"png_struct *","png ptr","","png","1500727924123"
"write_user_transform_fn","UnexposedExpr",510,510,"png_user_transform_ptr","write user transform fn","write : Operations as part of Data structure","","1502420148474"
"png_ptr","UnexposedExpr",510,510,"png_struct *","png ptr","","png","1500227566299"
"png_ptr","UnexposedExpr",511,511,"png_struct *","png ptr","","png","1503151072210"
"png_ptr","UnexposedExpr",513,513,"png_struct *","png ptr","","png","1502859673290"
"row_info","UnexposedExpr",514,514,"png_row_infop","row info","","","1502503995609"
"row_buf","UnexposedExpr",521,521,"png_bytep","row buf","","","1502566624407"
"png_ptr","UnexposedExpr",521,521,"png_struct *","png ptr","","png","1503987199608"
"transformations","UnexposedExpr",525,525,"png_uint_32","transformations","","","1503105597580"
"png_ptr","UnexposedExpr",525,525,"png_struct *","png ptr","","png","1503529904729"
"png_do_strip_channel","UnexposedExpr",526,526,"void (*)(png_row_infop, png_bytep, int)","png do strip channel","do : Operations as part of Algorithms","png | channel","1503037684171"
"row_info","UnexposedExpr",526,526,"png_row_infop","row info","","","1500894390851"
"row_buf","UnexposedExpr",526,526,"png_bytep","row buf","","","1503945065119"
"png_ptr","UnexposedExpr",526,526,"png_struct *","png ptr","","png","1503139986890"
"flags","UnexposedExpr",527,527,"png_uint_32","flags","","","1502995329263"
"png_ptr","UnexposedExpr",527,527,"png_struct *","png ptr","","png","1504176360041"
"transformations","UnexposedExpr",531,531,"png_uint_32","transformations","","","1501095368348"
"png_ptr","UnexposedExpr",531,531,"png_struct *","png ptr","","png","1503853293840"
"png_do_packswap","UnexposedExpr",532,532,"void (*)(png_row_infop, png_bytep)","png do packswap","do : Operations as part of Algorithms","png","1501044272583"
"row_info","UnexposedExpr",532,532,"png_row_infop","row info","","","1500725095468"
"row_buf","UnexposedExpr",532,532,"png_bytep","row buf","","","1503642135807"
"png_ptr","UnexposedExpr",532,532,"png_struct *","png ptr","","png","1502740988897"
"transformations","UnexposedExpr",536,536,"png_uint_32","transformations","","","1500814707875"
"png_ptr","UnexposedExpr",536,536,"png_struct *","png ptr","","png","1501807103775"
"png_do_pack","UnexposedExpr",537,537,"void (*)(png_row_infop, png_bytep, png_uint_32)","png do pack","do : Operations as part of Algorithms","png","1504201048017"
"row_info","UnexposedExpr",537,537,"png_row_infop","row info","","","1503142373153"
"row_buf","UnexposedExpr",537,537,"png_bytep","row buf","","","1501811905303"
"png_ptr","UnexposedExpr",537,537,"png_struct *","png ptr","","png","1500799443261"
"bit_depth","UnexposedExpr",538,538,"png_byte","bit depth","bit : Data-Structure and its Components","depth","1500029785751"
"png_ptr","UnexposedExpr",538,538,"png_struct *","png ptr","","png","1504155695123"
"transformations","UnexposedExpr",543,543,"png_uint_32","transformations","","","1500190995147"
"png_ptr","UnexposedExpr",543,543,"png_struct *","png ptr","","png","1501384017022"
"png_do_swap","UnexposedExpr",544,544,"void (*)(png_row_infop, png_bytep)","png do swap","do : Operations as part of Algorithms | swap : Operations as part of Algorithms","png","1502658853187"
"row_info","UnexposedExpr",544,544,"png_row_infop","row info","","","1501499133630"
"row_buf","UnexposedExpr",544,544,"png_bytep","row buf","","","1500064956422"
"png_ptr","UnexposedExpr",544,544,"png_struct *","png ptr","","png","1504108721517"
"transformations","UnexposedExpr",549,549,"png_uint_32","transformations","","","1502082990600"
"png_ptr","UnexposedExpr",549,549,"png_struct *","png ptr","","png","1500295781734"
"png_do_shift","UnexposedExpr",550,550,"void (*)(png_row_infop, png_bytep, png_const_color_8p)","png do shift","do : Operations as part of Algorithms","png","1503279865159"
"row_info","UnexposedExpr",550,550,"png_row_infop","row info","","","1503474677866"
"row_buf","UnexposedExpr",550,550,"png_bytep","row buf","","","1503704206004"
"png_ptr","UnexposedExpr",550,550,"png_struct *","png ptr","","png","1500718081152"
"png_ptr","UnexposedExpr",551,551,"png_struct *","png ptr","","png","1502745214607"
"transformations","UnexposedExpr",555,555,"png_uint_32","transformations","","","1504111917444"
"png_ptr","UnexposedExpr",555,555,"png_struct *","png ptr","","png","1502317217112"
"png_do_write_swap_alpha","UnexposedExpr",556,556,"void (*)(png_row_infop, png_bytep)","png do write swap alpha","do : Operations as part of Algorithms | write : Operations as part of Data structure | swap : Operations as part of Algorithms","png | alpha","1504186465193"
"row_info","UnexposedExpr",556,556,"png_row_infop","row info","","","1500179372391"
"row_buf","UnexposedExpr",556,556,"png_bytep","row buf","","","1502601657535"
"png_ptr","UnexposedExpr",556,556,"png_struct *","png ptr","","png","1504267108866"
"transformations","UnexposedExpr",560,560,"png_uint_32","transformations","","","1501011228915"
"png_ptr","UnexposedExpr",560,560,"png_struct *","png ptr","","png","1502852918622"
"png_do_write_invert_alpha","UnexposedExpr",561,561,"void (*)(png_row_infop, png_bytep)","png do write invert alpha","do : Operations as part of Algorithms | write : Operations as part of Data structure | invert : Properties of Datastructure / Function / Blocks","png | alpha","1502593399792"
"row_info","UnexposedExpr",561,561,"png_row_infop","row info","","","1502338831721"
"row_buf","UnexposedExpr",561,561,"png_bytep","row buf","","","1500547647676"
"png_ptr","UnexposedExpr",561,561,"png_struct *","png ptr","","png","1501311338450"
"transformations","UnexposedExpr",565,565,"png_uint_32","transformations","","","1500302012360"
"png_ptr","UnexposedExpr",565,565,"png_struct *","png ptr","","png","1503688807597"
"png_do_bgr","UnexposedExpr",566,566,"void (*)(png_row_infop, png_bytep)","png do bgr","do : Operations as part of Algorithms","png | bgr","1500119627228"
"row_info","UnexposedExpr",566,566,"png_row_infop","row info","","","1500633584061"
"row_buf","UnexposedExpr",566,566,"png_bytep","row buf","","","1502377775345"
"png_ptr","UnexposedExpr",566,566,"png_struct *","png ptr","","png","1502898504123"
"transformations","UnexposedExpr",570,570,"png_uint_32","transformations","","","1501642317778"
"png_ptr","UnexposedExpr",570,570,"png_struct *","png ptr","","png","1501962487729"
"png_do_invert","UnexposedExpr",571,571,"void (*)(png_row_infop, png_bytep)","png do invert","do : Operations as part of Algorithms | invert : Properties of Datastructure / Function / Blocks","png","1502678714005"
"row_info","UnexposedExpr",571,571,"png_row_infop","row info","","","1500400847442"
"row_buf","UnexposedExpr",571,571,"png_bytep","row buf","","","1500149791406"
"png_ptr","UnexposedExpr",571,571,"png_struct *","png ptr","","png","1502061831269"
"row_info","DeclRefExpr",29,29,"png_row_infop","row info","","","1503331018592"
"row_info","DeclRefExpr",30,30,"png_row_infop","row info","","","1502212872204"
"bit_depth","DeclRefExpr",32,32,"png_uint_32","bit depth","bit : Data-Structure and its Components","depth","1503774022726"
"row_info","DeclRefExpr",39,39,"png_row_infop","row info","","","1504127265089"
"sp","DeclRefExpr",41,41,"png_bytep","sp","","","1502875839824"
"row","DeclRefExpr",41,41,"png_bytep","row","","","1501643949607"
"dp","DeclRefExpr",42,42,"png_bytep","dp","","","1503728460974"
"row","DeclRefExpr",42,42,"png_bytep","row","","","1501299536037"
"mask","DeclRefExpr",43,43,"int","mask","","","1500063268030"
"v","DeclRefExpr",44,44,"int","v","","","1503927625154"
"i","DeclRefExpr",46,46,"png_uint_32","i","","","1500065889129"
"i","DeclRefExpr",46,46,"png_uint_32","i","","","1504190254105"
"row_width","DeclRefExpr",46,46,"png_uint_32","row width","","","1501085146869"
"i","DeclRefExpr",46,46,"png_uint_32","i","","","1501874450434"
"sp","DeclRefExpr",48,48,"png_bytep","sp","","","1503918611337"
"v","DeclRefExpr",49,49,"int","v","","","1501038095065"
"mask","DeclRefExpr",49,49,"int","mask","","","1502896032973"
"sp","DeclRefExpr",51,51,"png_bytep","sp","","","1500881289584"
"mask","DeclRefExpr",53,53,"int","mask","","","1500547066527"
"mask","DeclRefExpr",54,54,"int","mask","","","1502351621788"
"mask","DeclRefExpr",58,58,"int","mask","","","1501661067086"
"dp","DeclRefExpr",59,59,"png_bytep","dp","","","1500319115493"
"v","DeclRefExpr",59,59,"int","v","","","1502793057105"
"dp","DeclRefExpr",60,60,"png_bytep","dp","","","1504009584656"
"v","DeclRefExpr",61,61,"int","v","","","1501043715592"
"mask","DeclRefExpr",65,65,"int","mask","","","1503081027275"
"dp","DeclRefExpr",66,66,"png_bytep","dp","","","1500945483228"
"v","DeclRefExpr",66,66,"int","v","","","1500857013438"
"row_info","DeclRefExpr",77,77,"png_row_infop","row info","","","1501278560551"
"sp","DeclRefExpr",79,79,"png_bytep","sp","","","1503893069551"
"row","DeclRefExpr",79,79,"png_bytep","row","","","1502197892039"
"dp","DeclRefExpr",80,80,"png_bytep","dp","","","1503562846585"
"row","DeclRefExpr",80,80,"png_bytep","row","","","1502875782265"
"shift","DeclRefExpr",81,81,"unsigned int","shift","","","1502545189764"
"v","DeclRefExpr",82,82,"int","v","","","1503055894643"
"i","DeclRefExpr",84,84,"png_uint_32","i","","","1503408671462"
"i","DeclRefExpr",84,84,"png_uint_32","i","","","1500159191800"
"row_width","DeclRefExpr",84,84,"png_uint_32","row width","","","1502493770119"
"i","DeclRefExpr",84,84,"png_uint_32","i","","","1503848247485"
"value","DeclRefExpr",88,88,"png_byte","value","value : Data-Structure and its Components","","1503113884280"
"sp","DeclRefExpr",88,88,"png_bytep","sp","","","1501201345830"
"v","DeclRefExpr",89,89,"int","v","","","1500357816096"
"value","DeclRefExpr",89,89,"png_byte","value","value : Data-Structure and its Components","","1500912259721"
"shift","DeclRefExpr",89,89,"unsigned int","shift","","","1502470990659"
"shift","DeclRefExpr",91,91,"unsigned int","shift","","","1502824561107"
"shift","DeclRefExpr",93,93,"unsigned int","shift","","","1503405341515"
"dp","DeclRefExpr",94,94,"png_bytep","dp","","","1501154203558"
"v","DeclRefExpr",94,94,"int","v","","","1501575530247"
"dp","DeclRefExpr",95,95,"png_bytep","dp","","","1502444010561"
"v","DeclRefExpr",96,96,"int","v","","","1502052791012"
"shift","DeclRefExpr",100,100,"unsigned int","shift","","","1501230390967"
"sp","DeclRefExpr",102,102,"png_bytep","sp","","","1503004064531"
"shift","DeclRefExpr",105,105,"unsigned int","shift","","","1503951998354"
"dp","DeclRefExpr",106,106,"png_bytep","dp","","","1500602309961"
"v","DeclRefExpr",106,106,"int","v","","","1503280439672"
"row_info","DeclRefExpr",117,117,"png_row_infop","row info","","","1503120560178"
"sp","DeclRefExpr",119,119,"png_bytep","sp","","","1502300532292"
"row","DeclRefExpr",119,119,"png_bytep","row","","","1502322388211"
"dp","DeclRefExpr",120,120,"png_bytep","dp","","","1502628651851"
"row","DeclRefExpr",120,120,"png_bytep","row","","","1500288960757"
"shift","DeclRefExpr",121,121,"unsigned int","shift","","","1504042897736"
"v","DeclRefExpr",122,122,"int","v","","","1501700768135"
"i","DeclRefExpr",124,124,"png_uint_32","i","","","1503687873319"
"i","DeclRefExpr",124,124,"png_uint_32","i","","","1504037268612"
"row_width","DeclRefExpr",124,124,"png_uint_32","row width","","","1503768440822"
"i","DeclRefExpr",124,124,"png_uint_32","i","","","1502891716739"
"value","DeclRefExpr",128,128,"png_byte","value","value : Data-Structure and its Components","","1503638772221"
"sp","DeclRefExpr",128,128,"png_bytep","sp","","","1501247218075"
"v","DeclRefExpr",129,129,"int","v","","","1500925200069"
"value","DeclRefExpr",129,129,"png_byte","value","value : Data-Structure and its Components","","1501621127766"
"shift","DeclRefExpr",129,129,"unsigned int","shift","","","1503756718065"
"shift","DeclRefExpr",131,131,"unsigned int","shift","","","1500156694984"
"shift","DeclRefExpr",133,133,"unsigned int","shift","","","1501927798337"
"dp","DeclRefExpr",134,134,"png_bytep","dp","","","1501797357146"
"v","DeclRefExpr",134,134,"int","v","","","1500573110838"
"dp","DeclRefExpr",135,135,"png_bytep","dp","","","1503557174216"
"v","DeclRefExpr",136,136,"int","v","","","1503795275173"
"shift","DeclRefExpr",140,140,"unsigned int","shift","","","1503251826262"
"sp","DeclRefExpr",142,142,"png_bytep","sp","","","1502014572785"
"shift","DeclRefExpr",145,145,"unsigned int","shift","","","1501218749370"
"dp","DeclRefExpr",146,146,"png_bytep","dp","","","1502810787868"
"v","DeclRefExpr",146,146,"int","v","","","1500308403126"
"row_info","DeclRefExpr",155,155,"png_row_infop","row info","","","1501565724356"
"bit_depth","DeclRefExpr",155,155,"png_uint_32","bit depth","bit : Data-Structure and its Components","depth","1501284122237"
"row_info","DeclRefExpr",156,156,"png_row_infop","row info","","","1503975043216"
"bit_depth","DeclRefExpr",156,156,"png_uint_32","bit depth","bit : Data-Structure and its Components","depth","1502160017716"
"row_info","DeclRefExpr",156,156,"png_row_infop","row info","","","1500732168148"
"row_info","DeclRefExpr",157,157,"png_row_infop","row info","","","1502198302985"
"row_info","DeclRefExpr",157,157,"png_row_infop","row info","","","1503064546926"
"row_info","DeclRefExpr",158,158,"png_row_infop","row info","","","1501676861030"
"row_info","DeclRefExpr",157,157,"png_row_infop","row info","","","1503215232447"
"row_info","DeclRefExpr",158,158,"png_row_infop","row info","","","1502813243009"
"row_info","DeclRefExpr",157,157,"png_row_infop","row info","","","1500557371440"
"row_info","DeclRefExpr",177,177,"png_row_infop","row info","","","1501528041567"
"row_info","DeclRefExpr",182,182,"png_row_infop","row info","","","1501822345652"
"shift_start","DeclRefExpr",184,184,"int [4]","shift start","start : Time Complexity / Space Complexity/ Memory/ Exception","","1500697211437"
"channels","DeclRefExpr",184,184,"unsigned int","channels","","","1503464980663"
"row_info","DeclRefExpr",184,184,"png_row_infop","row info","","","1500707896124"
"bit_depth","DeclRefExpr",184,184,"png_const_color_8p","bit depth","bit : Data-Structure and its Components","depth","1500528525374"
"shift_dec","DeclRefExpr",185,185,"int [4]","shift dec","","","1500332908858"
"channels","DeclRefExpr",185,185,"unsigned int","channels","","","1504014965851"
"bit_depth","DeclRefExpr",185,185,"png_const_color_8p","bit depth","bit : Data-Structure and its Components","depth","1502784944466"
"channels","DeclRefExpr",186,186,"unsigned int","channels","","","1502002924445"
"shift_start","DeclRefExpr",188,188,"int [4]","shift start","start : Time Complexity / Space Complexity/ Memory/ Exception","","1502187254295"
"channels","DeclRefExpr",188,188,"unsigned int","channels","","","1500469688824"
"row_info","DeclRefExpr",188,188,"png_row_infop","row info","","","1501018953876"
"bit_depth","DeclRefExpr",188,188,"png_const_color_8p","bit depth","bit : Data-Structure and its Components","depth","1502044284688"
"shift_dec","DeclRefExpr",189,189,"int [4]","shift dec","","","1503351619624"
"channels","DeclRefExpr",189,189,"unsigned int","channels","","","1502097163759"
"bit_depth","DeclRefExpr",189,189,"png_const_color_8p","bit depth","bit : Data-Structure and its Components","depth","1501627013173"
"channels","DeclRefExpr",190,190,"unsigned int","channels","","","1500038708761"
"shift_start","DeclRefExpr",192,192,"int [4]","shift start","start : Time Complexity / Space Complexity/ Memory/ Exception","","1501820722967"
"channels","DeclRefExpr",192,192,"unsigned int","channels","","","1502301651650"
"row_info","DeclRefExpr",192,192,"png_row_infop","row info","","","1501480037897"
"bit_depth","DeclRefExpr",192,192,"png_const_color_8p","bit depth","bit : Data-Structure and its Components","depth","1503911132752"
"shift_dec","DeclRefExpr",193,193,"int [4]","shift dec","","","1500584864903"
"channels","DeclRefExpr",193,193,"unsigned int","channels","","","1501803852621"
"bit_depth","DeclRefExpr",193,193,"png_const_color_8p","bit depth","bit : Data-Structure and its Components","depth","1502851604272"
"channels","DeclRefExpr",194,194,"unsigned int","channels","","","1503000377099"
"shift_start","DeclRefExpr",199,199,"int [4]","shift start","start : Time Complexity / Space Complexity/ Memory/ Exception","","1503766335710"
"channels","DeclRefExpr",199,199,"unsigned int","channels","","","1504224468258"
"row_info","DeclRefExpr",199,199,"png_row_infop","row info","","","1504275481643"
"bit_depth","DeclRefExpr",199,199,"png_const_color_8p","bit depth","bit : Data-Structure and its Components","depth","1502260469939"
"shift_dec","DeclRefExpr",200,200,"int [4]","shift dec","","","1501148579859"
"channels","DeclRefExpr",200,200,"unsigned int","channels","","","1504037987256"
"bit_depth","DeclRefExpr",200,200,"png_const_color_8p","bit depth","bit : Data-Structure and its Components","depth","1504150212530"
"channels","DeclRefExpr",201,201,"unsigned int","channels","","","1500613933407"
"row_info","DeclRefExpr",204,204,"png_row_infop","row info","","","1502853681989"
"shift_start","DeclRefExpr",206,206,"int [4]","shift start","start : Time Complexity / Space Complexity/ Memory/ Exception","","1501540874418"
"channels","DeclRefExpr",206,206,"unsigned int","channels","","","1501466554464"
"row_info","DeclRefExpr",206,206,"png_row_infop","row info","","","1502721258957"
"bit_depth","DeclRefExpr",206,206,"png_const_color_8p","bit depth","bit : Data-Structure and its Components","depth","1500112853176"
"shift_dec","DeclRefExpr",207,207,"int [4]","shift dec","","","1503258050011"
"channels","DeclRefExpr",207,207,"unsigned int","channels","","","1503515920190"
"bit_depth","DeclRefExpr",207,207,"png_const_color_8p","bit depth","bit : Data-Structure and its Components","depth","1502402057400"
"channels","DeclRefExpr",208,208,"unsigned int","channels","","","1500446999531"
"row_info","DeclRefExpr",212,212,"png_row_infop","row info","","","1503994656213"
"row","DeclRefExpr",214,214,"png_bytep","row","","","1504014736927"
"row_info","DeclRefExpr",217,217,"png_row_infop","row info","","","1500632692795"
"bit_depth","DeclRefExpr",219,219,"png_const_color_8p","bit depth","bit : Data-Structure and its Components","depth","1501186123867"
"row_info","DeclRefExpr",219,219,"png_row_infop","row info","","","1502442998655"
"mask","DeclRefExpr",220,220,"unsigned int","mask","","","1501191341299"
"row_info","DeclRefExpr",222,222,"png_row_infop","row info","","","1500196301365"
"bit_depth","DeclRefExpr",222,222,"png_const_color_8p","bit depth","bit : Data-Structure and its Components","depth","1501947768804"
"mask","DeclRefExpr",223,223,"unsigned int","mask","","","1504183318712"
"mask","DeclRefExpr",226,226,"unsigned int","mask","","","1503901447624"
"i","DeclRefExpr",228,228,"size_t","i","","","1501600523060"
"i","DeclRefExpr",228,228,"size_t","i","","","1501102664804"
"row_bytes","DeclRefExpr",228,228,"size_t","row bytes","bytes : Time Complexity / Space Complexity/ Memory/ Exception","","1502720324742"
"i","DeclRefExpr",228,228,"size_t","i","","","1504029516513"
"bp","DeclRefExpr",228,228,"png_bytep","bp","","","1503779192456"
"v","DeclRefExpr",233,233,"unsigned int","v","","","1503110949550"
"bp","DeclRefExpr",233,233,"png_bytep","bp","","","1500672621635"
"out","DeclRefExpr",234,234,"unsigned int","out","out : Properties of Datastructure / Function / Blocks","","1501363823598"
"j","DeclRefExpr",236,236,"int","j","","","1502370543797"
"shift_start","DeclRefExpr",236,236,"int [4]","shift start","start : Time Complexity / Space Complexity/ Memory/ Exception","","1500259149484"
"j","DeclRefExpr",236,236,"int","j","","","1502548414630"
"shift_dec","DeclRefExpr",236,236,"int [4]","shift dec","","","1501346095756"
"j","DeclRefExpr",236,236,"int","j","","","1502114968948"
"shift_dec","DeclRefExpr",236,236,"int [4]","shift dec","","","1503416911317"
"j","DeclRefExpr",238,238,"int","j","","","1503237870188"
"out","DeclRefExpr",239,239,"unsigned int","out","out : Properties of Datastructure / Function / Blocks","","1503670617615"
"v","DeclRefExpr",239,239,"unsigned int","v","","","1504133681550"
"j","DeclRefExpr",239,239,"int","j","","","1504273244342"
"out","DeclRefExpr",242,242,"unsigned int","out","out : Properties of Datastructure / Function / Blocks","","1501918259044"
"v","DeclRefExpr",242,242,"unsigned int","v","","","1501392226390"
"j","DeclRefExpr",242,242,"int","j","","","1502328630782"
"mask","DeclRefExpr",242,242,"unsigned int","mask","","","1504025609885"
"bp","DeclRefExpr",245,245,"png_bytep","bp","","","1502529247902"
"out","DeclRefExpr",245,245,"unsigned int","out","out : Properties of Datastructure / Function / Blocks","","1500440724615"
"row_info","DeclRefExpr",249,249,"png_row_infop","row info","","","1501767285984"
"row","DeclRefExpr",251,251,"png_bytep","row","","","1503612855548"
"channels","DeclRefExpr",253,253,"unsigned int","channels","","","1504097852233"
"row_info","DeclRefExpr",253,253,"png_row_infop","row info","","","1501481053708"
"i","DeclRefExpr",255,255,"png_uint_32","i","","","1502606620001"
"i","DeclRefExpr",255,255,"png_uint_32","i","","","1501841071424"
"istop","DeclRefExpr",255,255,"png_uint_32","istop","","","1502219104432"
"i","DeclRefExpr",255,255,"png_uint_32","i","","","1503766194756"
"bp","DeclRefExpr",255,255,"png_bytep","bp","","","1502589176456"
"i","DeclRefExpr",257,257,"png_uint_32","i","","","1504097552397"
"channels","DeclRefExpr",257,257,"unsigned int","channels","","","1501152160652"
"v","DeclRefExpr",261,261,"unsigned int","v","","","1503119482631"
"bp","DeclRefExpr",261,261,"png_bytep","bp","","","1500181017262"
"out","DeclRefExpr",262,262,"unsigned int","out","out : Properties of Datastructure / Function / Blocks","","1501848699155"
"j","DeclRefExpr",264,264,"int","j","","","1503290578998"
"shift_start","DeclRefExpr",264,264,"int [4]","shift start","start : Time Complexity / Space Complexity/ Memory/ Exception","","1500637695237"
"c","DeclRefExpr",264,264,"unsigned int","c","","","1500732977186"
"j","DeclRefExpr",264,264,"int","j","","","1501010044349"
"shift_dec","DeclRefExpr",264,264,"int [4]","shift dec","","","1501377197854"
"c","DeclRefExpr",264,264,"unsigned int","c","","","1502345755333"
"j","DeclRefExpr",264,264,"int","j","","","1502990305130"
"shift_dec","DeclRefExpr",264,264,"int [4]","shift dec","","","1502696341876"
"c","DeclRefExpr",264,264,"unsigned int","c","","","1502720845125"
"j","DeclRefExpr",266,266,"int","j","","","1502519803105"
"out","DeclRefExpr",267,267,"unsigned int","out","out : Properties of Datastructure / Function / Blocks","","1500630267862"
"v","DeclRefExpr",267,267,"unsigned int","v","","","1500966345085"
"j","DeclRefExpr",267,267,"int","j","","","1504243613882"
"out","DeclRefExpr",270,270,"unsigned int","out","out : Properties of Datastructure / Function / Blocks","","1501000528270"
"v","DeclRefExpr",270,270,"unsigned int","v","","","1501160665475"
"j","DeclRefExpr",270,270,"int","j","","","1500687208205"
"bp","DeclRefExpr",273,273,"png_bytep","bp","","","1503938779520"
"out","DeclRefExpr",273,273,"unsigned int","out","out : Properties of Datastructure / Function / Blocks","","1502465736005"
"channels","DeclRefExpr",281,281,"unsigned int","channels","","","1500597616075"
"row_info","DeclRefExpr",281,281,"png_row_infop","row info","","","1501508056476"
"bp","DeclRefExpr",283,283,"png_bytep","bp","","","1502394409632"
"row","DeclRefExpr",283,283,"png_bytep","row","","","1500951778640"
"i","DeclRefExpr",283,283,"png_uint_32","i","","","1501144330894"
"i","DeclRefExpr",283,283,"png_uint_32","i","","","1500751158547"
"istop","DeclRefExpr",283,283,"png_uint_32","istop","","","1500354730795"
"i","DeclRefExpr",283,283,"png_uint_32","i","","","1501425887972"
"i","DeclRefExpr",285,285,"png_uint_32","i","","","1500164925711"
"channels","DeclRefExpr",285,285,"unsigned int","channels","","","1503550282457"
"v","DeclRefExpr",289,289,"unsigned int","v","","","1501939752382"
"bp","DeclRefExpr",289,289,"png_bytep","bp","","","1501822631820"
"bp","DeclRefExpr",289,289,"png_bytep","bp","","","1502058066261"
"value","DeclRefExpr",290,290,"unsigned int","value","value : Data-Structure and its Components","","1500028496353"
"j","DeclRefExpr",292,292,"int","j","","","1500264986909"
"shift_start","DeclRefExpr",292,292,"int [4]","shift start","start : Time Complexity / Space Complexity/ Memory/ Exception","","1502701897850"
"c","DeclRefExpr",292,292,"unsigned int","c","","","1503958136335"
"j","DeclRefExpr",292,292,"int","j","","","1504251849525"
"shift_dec","DeclRefExpr",292,292,"int [4]","shift dec","","","1502816967608"
"c","DeclRefExpr",292,292,"unsigned int","c","","","1502502156682"
"j","DeclRefExpr",292,292,"int","j","","","1503075147476"
"shift_dec","DeclRefExpr",292,292,"int [4]","shift dec","","","1500291363041"
"c","DeclRefExpr",292,292,"unsigned int","c","","","1502506631485"
"j","DeclRefExpr",294,294,"int","j","","","1500391372173"
"value","DeclRefExpr",295,295,"unsigned int","value","value : Data-Structure and its Components","","1502356159150"
"v","DeclRefExpr",295,295,"unsigned int","v","","","1503674061175"
"j","DeclRefExpr",295,295,"int","j","","","1501449344349"
"value","DeclRefExpr",298,298,"unsigned int","value","value : Data-Structure and its Components","","1504034343304"
"v","DeclRefExpr",298,298,"unsigned int","v","","","1501107767807"
"j","DeclRefExpr",298,298,"int","j","","","1500851381964"
"bp","DeclRefExpr",300,300,"png_bytep","bp","","","1502210312406"
"value","DeclRefExpr",300,300,"unsigned int","value","value : Data-Structure and its Components","","1502019649860"
"bp","DeclRefExpr",301,301,"png_bytep","bp","","","1500214153623"
"value","DeclRefExpr",301,301,"unsigned int","value","value : Data-Structure and its Components","","1500604854399"
"row_info","DeclRefExpr",315,315,"png_row_infop","row info","","","1503554993834"
"row_info","DeclRefExpr",317,317,"png_row_infop","row info","","","1501630522133"
"row_info","DeclRefExpr",322,322,"png_row_infop","row info","","","1500562594021"
"i","DeclRefExpr",324,324,"png_uint_32","i","","","1500187367866"
"sp","DeclRefExpr",324,324,"png_bytep","sp","","","1500525772414"
"dp","DeclRefExpr",324,324,"png_bytep","dp","","","1501458816612"
"row","DeclRefExpr",324,324,"png_bytep","row","","","1500821318209"
"i","DeclRefExpr",324,324,"png_uint_32","i","","","1503289196836"
"row_width","DeclRefExpr",324,324,"png_uint_32","row width","","","1502428997278"
"i","DeclRefExpr",324,324,"png_uint_32","i","","","1500792296134"
"sp","DeclRefExpr",326,326,"png_bytep","sp","","","1500916741365"
"dp","DeclRefExpr",327,327,"png_bytep","dp","","","1504102892776"
"sp","DeclRefExpr",327,327,"png_bytep","sp","","","1502812240029"
"dp","DeclRefExpr",328,328,"png_bytep","dp","","","1503058914189"
"sp","DeclRefExpr",328,328,"png_bytep","sp","","","1504129658035"
"dp","DeclRefExpr",329,329,"png_bytep","dp","","","1502485957676"
"sp","DeclRefExpr",329,329,"png_bytep","sp","","","1503374936781"
"dp","DeclRefExpr",330,330,"png_bytep","dp","","","1502427626555"
"save","DeclRefExpr",330,330,"png_byte","save","","","1503153210602"
"row_info","DeclRefExpr",340,340,"png_row_infop","row info","","","1500092302135"
"i","DeclRefExpr",342,342,"png_uint_32","i","","","1503168786176"
"sp","DeclRefExpr",342,342,"png_bytep","sp","","","1502647700850"
"dp","DeclRefExpr",342,342,"png_bytep","dp","","","1502770644937"
"row","DeclRefExpr",342,342,"png_bytep","row","","","1503840821523"
"i","DeclRefExpr",342,342,"png_uint_32","i","","","1500325712042"
"row_width","DeclRefExpr",342,342,"png_uint_32","row width","","","1502320411378"
"i","DeclRefExpr",342,342,"png_uint_32","i","","","1503437005748"
"save","DeclRefExpr",345,345,"png_byte [2]","save","","","1503435101485"
"sp","DeclRefExpr",345,345,"png_bytep","sp","","","1501586836614"
"save","DeclRefExpr",346,346,"png_byte [2]","save","","","1502702401575"
"sp","DeclRefExpr",346,346,"png_bytep","sp","","","1502632280899"
"dp","DeclRefExpr",347,347,"png_bytep","dp","","","1502675212473"
"sp","DeclRefExpr",347,347,"png_bytep","sp","","","1500384907928"
"dp","DeclRefExpr",348,348,"png_bytep","dp","","","1503525148307"
"sp","DeclRefExpr",348,348,"png_bytep","sp","","","1503517785129"
"dp","DeclRefExpr",349,349,"png_bytep","dp","","","1500806498732"
"sp","DeclRefExpr",349,349,"png_bytep","sp","","","1504096588335"
"dp","DeclRefExpr",350,350,"png_bytep","dp","","","1502594229271"
"sp","DeclRefExpr",350,350,"png_bytep","sp","","","1502874999781"
"dp","DeclRefExpr",351,351,"png_bytep","dp","","","1501192424741"
"sp","DeclRefExpr",351,351,"png_bytep","sp","","","1500958859031"
"dp","DeclRefExpr",352,352,"png_bytep","dp","","","1502337169431"
"sp","DeclRefExpr",352,352,"png_bytep","sp","","","1501782751269"
"dp","DeclRefExpr",353,353,"png_bytep","dp","","","1501149827002"
"save","DeclRefExpr",353,353,"png_byte [2]","save","","","1504031856573"
"dp","DeclRefExpr",354,354,"png_bytep","dp","","","1502860569052"
"save","DeclRefExpr",354,354,"png_byte [2]","save","","","1500269082556"
"row_info","DeclRefExpr",360,360,"png_row_infop","row info","","","1500211839060"
"row_info","DeclRefExpr",362,362,"png_row_infop","row info","","","1502108068357"
"row_info","DeclRefExpr",367,367,"png_row_infop","row info","","","1500999415062"
"i","DeclRefExpr",369,369,"png_uint_32","i","","","1501046466152"
"sp","DeclRefExpr",369,369,"png_bytep","sp","","","1501713871344"
"dp","DeclRefExpr",369,369,"png_bytep","dp","","","1502052896390"
"row","DeclRefExpr",369,369,"png_bytep","row","","","1503786210537"
"i","DeclRefExpr",369,369,"png_uint_32","i","","","1502283103424"
"row_width","DeclRefExpr",369,369,"png_uint_32","row width","","","1500315836025"
"i","DeclRefExpr",369,369,"png_uint_32","i","","","1500932833601"
"sp","DeclRefExpr",371,371,"png_bytep","sp","","","1503793040327"
"dp","DeclRefExpr",372,372,"png_bytep","dp","","","1502648449216"
"sp","DeclRefExpr",372,372,"png_bytep","sp","","","1500231967843"
"dp","DeclRefExpr",373,373,"png_bytep","dp","","","1501996799946"
"save","DeclRefExpr",373,373,"png_byte","save","","","1503792981247"
"row_info","DeclRefExpr",383,383,"png_row_infop","row info","","","1501690000340"
"i","DeclRefExpr",385,385,"png_uint_32","i","","","1503119530252"
"sp","DeclRefExpr",385,385,"png_bytep","sp","","","1503841020055"
"dp","DeclRefExpr",385,385,"png_bytep","dp","","","1502658548242"
"row","DeclRefExpr",385,385,"png_bytep","row","","","1504147102975"
"i","DeclRefExpr",385,385,"png_uint_32","i","","","1500952734586"
"row_width","DeclRefExpr",385,385,"png_uint_32","row width","","","1502408038282"
"i","DeclRefExpr",385,385,"png_uint_32","i","","","1502789936695"
"save","DeclRefExpr",388,388,"png_byte [2]","save","","","1503769041037"
"sp","DeclRefExpr",388,388,"png_bytep","sp","","","1500839908095"
"save","DeclRefExpr",389,389,"png_byte [2]","save","","","1500961163052"
"sp","DeclRefExpr",389,389,"png_bytep","sp","","","1503200852260"
"dp","DeclRefExpr",390,390,"png_bytep","dp","","","1500979868710"
"sp","DeclRefExpr",390,390,"png_bytep","sp","","","1502820936867"
"dp","DeclRefExpr",391,391,"png_bytep","dp","","","1503648068698"
"sp","DeclRefExpr",391,391,"png_bytep","sp","","","1502145905591"
"dp","DeclRefExpr",392,392,"png_bytep","dp","","","1502699087547"
"save","DeclRefExpr",392,392,"png_byte [2]","save","","","1501841027839"
"dp","DeclRefExpr",393,393,"png_bytep","dp","","","1500017486696"
"save","DeclRefExpr",393,393,"png_byte [2]","save","","","1504029165609"
"row_info","DeclRefExpr",409,409,"png_row_infop","row info","","","1501231109737"
"row_info","DeclRefExpr",411,411,"png_row_infop","row info","","","1500668553001"
"row_info","DeclRefExpr",416,416,"png_row_infop","row info","","","1501285176654"
"i","DeclRefExpr",418,418,"png_uint_32","i","","","1502683979416"
"sp","DeclRefExpr",418,418,"png_bytep","sp","","","1503771372613"
"dp","DeclRefExpr",418,418,"png_bytep","dp","","","1503367606566"
"row","DeclRefExpr",418,418,"png_bytep","row","","","1501594561050"
"i","DeclRefExpr",418,418,"png_uint_32","i","","","1501788747163"
"row_width","DeclRefExpr",418,418,"png_uint_32","row width","","","1502553541402"
"i","DeclRefExpr",418,418,"png_uint_32","i","","","1503722302013"
"sp","DeclRefExpr",425,425,"png_bytep","sp","","","1501201568141"
"dp","DeclRefExpr",425,425,"png_bytep","dp","","","1503524699025"
"sp","DeclRefExpr",425,425,"png_bytep","sp","","","1500059627334"
"dp","DeclRefExpr",426,426,"png_bytep","dp","","","1502110984029"
"sp","DeclRefExpr",426,426,"png_bytep","sp","","","1500746827280"
"row_info","DeclRefExpr",436,436,"png_row_infop","row info","","","1503194799261"
"i","DeclRefExpr",438,438,"png_uint_32","i","","","1503200226038"
"sp","DeclRefExpr",438,438,"png_bytep","sp","","","1500505561523"
"dp","DeclRefExpr",438,438,"png_bytep","dp","","","1504266206188"
"row","DeclRefExpr",438,438,"png_bytep","row","","","1504210642070"
"i","DeclRefExpr",438,438,"png_uint_32","i","","","1500131972767"
"row_width","DeclRefExpr",438,438,"png_uint_32","row width","","","1502280928000"
"i","DeclRefExpr",438,438,"png_uint_32","i","","","1502034238364"
"sp","DeclRefExpr",448,448,"png_bytep","sp","","","1501606810234"
"dp","DeclRefExpr",448,448,"png_bytep","dp","","","1500014178845"
"sp","DeclRefExpr",448,448,"png_bytep","sp","","","1501224834338"
"dp","DeclRefExpr",449,449,"png_bytep","dp","","","1500859578055"
"sp","DeclRefExpr",449,449,"png_bytep","sp","","","1501965865785"
"dp","DeclRefExpr",450,450,"png_bytep","dp","","","1500899572135"
"sp","DeclRefExpr",450,450,"png_bytep","sp","","","1500768642772"
"row_info","DeclRefExpr",456,456,"png_row_infop","row info","","","1502109491925"
"row_info","DeclRefExpr",458,458,"png_row_infop","row info","","","1500951648083"
"row_info","DeclRefExpr",463,463,"png_row_infop","row info","","","1502185579040"
"i","DeclRefExpr",465,465,"png_uint_32","i","","","1501482143777"
"sp","DeclRefExpr",465,465,"png_bytep","sp","","","1501914688888"
"dp","DeclRefExpr",465,465,"png_bytep","dp","","","1500077527590"
"row","DeclRefExpr",465,465,"png_bytep","row","","","1500457155986"
"i","DeclRefExpr",465,465,"png_uint_32","i","","","1502256270596"
"row_width","DeclRefExpr",465,465,"png_uint_32","row width","","","1500049749124"
"i","DeclRefExpr",465,465,"png_uint_32","i","","","1503106913615"
"dp","DeclRefExpr",467,467,"png_bytep","dp","","","1501240060507"
"sp","DeclRefExpr",467,467,"png_bytep","sp","","","1504023653646"
"dp","DeclRefExpr",468,468,"png_bytep","dp","","","1501511523797"
"sp","DeclRefExpr",468,468,"png_bytep","sp","","","1501097152576"
"row_info","DeclRefExpr",478,478,"png_row_infop","row info","","","1503874708353"
"i","DeclRefExpr",480,480,"png_uint_32","i","","","1500823653637"
"sp","DeclRefExpr",480,480,"png_bytep","sp","","","1500252616647"
"dp","DeclRefExpr",480,480,"png_bytep","dp","","","1500396268357"
"row","DeclRefExpr",480,480,"png_bytep","row","","","1500460117518"
"i","DeclRefExpr",480,480,"png_uint_32","i","","","1502317501427"
"row_width","DeclRefExpr",480,480,"png_uint_32","row width","","","1500098943604"
"i","DeclRefExpr",480,480,"png_uint_32","i","","","1503435564905"
"sp","DeclRefExpr",486,486,"png_bytep","sp","","","1500451975310"
"dp","DeclRefExpr",486,486,"png_bytep","dp","","","1500141625338"
"sp","DeclRefExpr",486,486,"png_bytep","sp","","","1502770958111"
"dp","DeclRefExpr",487,487,"png_bytep","dp","","","1503802421498"
"sp","DeclRefExpr",487,487,"png_bytep","sp","","","1500520774699"
"dp","DeclRefExpr",488,488,"png_bytep","dp","","","1503115822292"
"sp","DeclRefExpr",488,488,"png_bytep","sp","","","1504290410543"
"png_ptr","DeclRefExpr",505,505,"png_structrp","png ptr","","png","1501633626330"
"png_ptr","DeclRefExpr",509,509,"png_structrp","png ptr","","png","1500933037086"
"png_ptr","DeclRefExpr",510,510,"png_structrp","png ptr","","png","1502704534434"
"png_ptr","DeclRefExpr",511,511,"png_structrp","png ptr","","png","1503589428658"
"png_ptr","DeclRefExpr",513,513,"png_structrp","png ptr","","png","1500915207066"
"row_info","DeclRefExpr",514,514,"png_row_infop","row info","","","1503302384439"
"png_ptr","DeclRefExpr",521,521,"png_structrp","png ptr","","png","1500737682559"
"png_ptr","DeclRefExpr",525,525,"png_structrp","png ptr","","png","1501913848900"
"png_do_strip_channel","DeclRefExpr",526,526,"void (png_row_infop, png_bytep, int)","png do strip channel","do : Operations as part of Algorithms","png | channel","1502003376831"
"row_info","DeclRefExpr",526,526,"png_row_infop","row info","","","1502982336558"
"png_ptr","DeclRefExpr",526,526,"png_structrp","png ptr","","png","1500776286885"
"png_ptr","DeclRefExpr",527,527,"png_structrp","png ptr","","png","1502942068689"
"png_ptr","DeclRefExpr",531,531,"png_structrp","png ptr","","png","1503257636813"
"png_do_packswap","DeclRefExpr",532,532,"void (png_row_infop, png_bytep)","png do packswap","do : Operations as part of Algorithms","png","1504137482077"
"row_info","DeclRefExpr",532,532,"png_row_infop","row info","","","1500831539344"
"png_ptr","DeclRefExpr",532,532,"png_structrp","png ptr","","png","1502542398267"
"png_ptr","DeclRefExpr",536,536,"png_structrp","png ptr","","png","1503016130151"
"png_do_pack","DeclRefExpr",537,537,"void (png_row_infop, png_bytep, png_uint_32)","png do pack","do : Operations as part of Algorithms","png","1501690238664"
"row_info","DeclRefExpr",537,537,"png_row_infop","row info","","","1503993320811"
"png_ptr","DeclRefExpr",537,537,"png_structrp","png ptr","","png","1503141088511"
"png_ptr","DeclRefExpr",538,538,"png_structrp","png ptr","","png","1501241441100"
"png_ptr","DeclRefExpr",543,543,"png_structrp","png ptr","","png","1503936629614"
"png_do_swap","DeclRefExpr",544,544,"void (png_row_infop, png_bytep)","png do swap","do : Operations as part of Algorithms | swap : Operations as part of Algorithms","png","1502631343994"
"row_info","DeclRefExpr",544,544,"png_row_infop","row info","","","1502333168701"
"png_ptr","DeclRefExpr",544,544,"png_structrp","png ptr","","png","1502327481169"
"png_ptr","DeclRefExpr",549,549,"png_structrp","png ptr","","png","1502527638355"
"png_do_shift","DeclRefExpr",550,550,"void (png_row_infop, png_bytep, png_const_color_8p)","png do shift","do : Operations as part of Algorithms","png","1501472531814"
"row_info","DeclRefExpr",550,550,"png_row_infop","row info","","","1503180465443"
"png_ptr","DeclRefExpr",550,550,"png_structrp","png ptr","","png","1504153560813"
"png_ptr","DeclRefExpr",551,551,"png_structrp","png ptr","","png","1501785979053"
"png_ptr","DeclRefExpr",555,555,"png_structrp","png ptr","","png","1502033795042"
"png_do_write_swap_alpha","DeclRefExpr",556,556,"void (png_row_infop, png_bytep)","png do write swap alpha","do : Operations as part of Algorithms | write : Operations as part of Data structure | swap : Operations as part of Algorithms","png | alpha","1503715339919"
"row_info","DeclRefExpr",556,556,"png_row_infop","row info","","","1503007566336"
"png_ptr","DeclRefExpr",556,556,"png_structrp","png ptr","","png","1503978948682"
"png_ptr","DeclRefExpr",560,560,"png_structrp","png ptr","","png","1503087142457"
"png_do_write_invert_alpha","DeclRefExpr",561,561,"void (png_row_infop, png_bytep)","png do write invert alpha","do : Operations as part of Algorithms | write : Operations as part of Data structure | invert : Properties of Datastructure / Function / Blocks","png | alpha","1501277014684"
"row_info","DeclRefExpr",561,561,"png_row_infop","row info","","","1502548598629"
"png_ptr","DeclRefExpr",561,561,"png_structrp","png ptr","","png","1501166733439"
"png_ptr","DeclRefExpr",565,565,"png_structrp","png ptr","","png","1503333743887"
"png_do_bgr","DeclRefExpr",566,566,"void (png_row_infop, png_bytep)","png do bgr","do : Operations as part of Algorithms","png | bgr","1504272486521"
"row_info","DeclRefExpr",566,566,"png_row_infop","row info","","","1501507656939"
"png_ptr","DeclRefExpr",566,566,"png_structrp","png ptr","","png","1503648862830"
"png_ptr","DeclRefExpr",570,570,"png_structrp","png ptr","","png","1500490161983"
"png_do_invert","DeclRefExpr",571,571,"void (png_row_infop, png_bytep)","png do invert","do : Operations as part of Algorithms | invert : Properties of Datastructure / Function / Blocks","png","1500980624108"
"row_info","DeclRefExpr",571,571,"png_row_infop","row info","","","1503487467350"
"png_ptr","DeclRefExpr",571,571,"png_structrp","png ptr","","png","1502622246365"
"pngpriv.h","inclusionDirective",14,14,"","pngpriv.h","","","1500725757154"
"sp","VarDecl",36,36,"png_bytep","sp","","","1500660285015"
"dp","VarDecl",36,36,"png_bytep","dp","","","1500493784973"
"mask","VarDecl",37,37,"int","mask","","","1502446553621"
"v","VarDecl",37,37,"int","v","","","1500324509396"
"i","VarDecl",38,38,"png_uint_32","i","","","1503469136322"
"row_width","VarDecl",39,39,"png_uint_32","row width","","","1503726172278"
"sp","VarDecl",73,73,"png_bytep","sp","","","1503437556844"
"dp","VarDecl",73,73,"png_bytep","dp","","","1500707074361"
"shift","VarDecl",74,74,"unsigned int","shift","","","1502534331655"
"v","VarDecl",75,75,"int","v","","","1501828590962"
"i","VarDecl",76,76,"png_uint_32","i","","","1501454697342"
"row_width","VarDecl",77,77,"png_uint_32","row width","","","1502027436104"
"value","VarDecl",86,86,"png_byte","value","value : Data-Structure and its Components","","1503410610768"
"sp","VarDecl",113,113,"png_bytep","sp","","","1500449399970"
"dp","VarDecl",113,113,"png_bytep","dp","","","1500676721156"
"shift","VarDecl",114,114,"unsigned int","shift","","","1503359581561"
"v","VarDecl",115,115,"int","v","","","1503567622078"
"i","VarDecl",116,116,"png_uint_32","i","","","1501094075638"
"row_width","VarDecl",117,117,"png_uint_32","row width","","","1503658394400"
"value","VarDecl",126,126,"png_byte","value","value : Data-Structure and its Components","","1501675911202"
"shift_start","VarDecl",179,179,"int [4]","shift start","start : Time Complexity / Space Complexity/ Memory/ Exception","","1502511439540"
"shift_dec","VarDecl",179,179,"int [4]","shift dec","","","1502677440817"
"channels","VarDecl",180,180,"unsigned int","channels","","","1501036289799"
"bp","VarDecl",214,214,"png_bytep","bp","","","1500125258193"
"i","VarDecl",215,215,"size_t","i","","","1501378835158"
"mask","VarDecl",216,216,"unsigned int","mask","","","1500914745726"
"row_bytes","VarDecl",217,217,"size_t","row bytes","bytes : Time Complexity / Space Complexity/ Memory/ Exception","","1504016144115"
"j","VarDecl",230,230,"int","j","","","1503969303983"
"v","VarDecl",231,231,"unsigned int","v","","","1502245164427"
"out","VarDecl",231,231,"unsigned int","out","out : Properties of Datastructure / Function / Blocks","","1502189566693"
"bp","VarDecl",251,251,"png_bytep","bp","","","1500310266333"
"i","VarDecl",252,252,"png_uint_32","i","","","1501602618209"
"istop","VarDecl",253,253,"png_uint_32","istop","","","1500909771850"
"c","VarDecl",257,257,"unsigned int","c","","","1500115139955"
"j","VarDecl",258,258,"int","j","","","1500653508551"
"v","VarDecl",259,259,"unsigned int","v","","","1503742864666"
"out","VarDecl",259,259,"unsigned int","out","out : Properties of Datastructure / Function / Blocks","","1500847657098"
"bp","VarDecl",279,279,"png_bytep","bp","","","1502798834021"
"i","VarDecl",280,280,"png_uint_32","i","","","1503690899173"
"istop","VarDecl",281,281,"png_uint_32","istop","","","1500231449295"
"c","VarDecl",285,285,"unsigned int","c","","","1502996102665"
"j","VarDecl",286,286,"int","j","","","1501705070209"
"value","VarDecl",287,287,"unsigned int","value","value : Data-Structure and its Components","","1503954643575"
"v","VarDecl",287,287,"unsigned int","v","","","1502730008913"
"sp","VarDecl",320,320,"png_bytep","sp","","","1501866850322"
"dp","VarDecl",320,320,"png_bytep","dp","","","1502204713606"
"i","VarDecl",321,321,"png_uint_32","i","","","1500355729275"
"row_width","VarDecl",322,322,"png_uint_32","row width","","","1503241031421"
"save","VarDecl",326,326,"png_byte","save","","","1502536747152"
"sp","VarDecl",338,338,"png_bytep","sp","","","1501811578539"
"dp","VarDecl",338,338,"png_bytep","dp","","","1500941764774"
"i","VarDecl",339,339,"png_uint_32","i","","","1502501942023"
"row_width","VarDecl",340,340,"png_uint_32","row width","","","1503570974253"
"save","VarDecl",344,344,"png_byte [2]","save","","","1501195732887"
"sp","VarDecl",365,365,"png_bytep","sp","","","1502634722293"
"dp","VarDecl",365,365,"png_bytep","dp","","","1502637961316"
"i","VarDecl",366,366,"png_uint_32","i","","","1501185249765"
"row_width","VarDecl",367,367,"png_uint_32","row width","","","1503861933620"
"save","VarDecl",371,371,"png_byte","save","","","1504236644558"
"sp","VarDecl",381,381,"png_bytep","sp","","","1502464355572"
"dp","VarDecl",381,381,"png_bytep","dp","","","1501268310400"
"i","VarDecl",382,382,"png_uint_32","i","","","1501524335631"
"row_width","VarDecl",383,383,"png_uint_32","row width","","","1502502692499"
"save","VarDecl",387,387,"png_byte [2]","save","","","1500478221851"
"sp","VarDecl",414,414,"png_bytep","sp","","","1503292451519"
"dp","VarDecl",414,414,"png_bytep","dp","","","1500242398776"
"i","VarDecl",415,415,"png_uint_32","i","","","1500334416771"
"row_width","VarDecl",416,416,"png_uint_32","row width","","","1503049682473"
"sp","VarDecl",434,434,"png_bytep","sp","","","1501987451243"
"dp","VarDecl",434,434,"png_bytep","dp","","","1504263203507"
"i","VarDecl",435,435,"png_uint_32","i","","","1500034564460"
"row_width","VarDecl",436,436,"png_uint_32","row width","","","1501257918162"
"sp","VarDecl",461,461,"png_bytep","sp","","","1500763315604"
"dp","VarDecl",461,461,"png_bytep","dp","","","1501014410319"
"i","VarDecl",462,462,"png_uint_32","i","","","1500683634959"
"row_width","VarDecl",463,463,"png_uint_32","row width","","","1500931667202"
"sp","VarDecl",476,476,"png_bytep","sp","","","1500034721244"
"dp","VarDecl",476,476,"png_bytep","dp","","","1501833953959"
"i","VarDecl",477,477,"png_uint_32","i","","","1501265021672"
"row_width","VarDecl",478,478,"png_uint_32","row width","","","1500205802654"
"png_do_pack","FunctionDecl",24,160,"void (png_row_infop, png_bytep, png_uint_32)","png do pack","do : Operations as part of Algorithms","png","1503928253054"
"png_do_shift","FunctionDecl",171,305,"void (png_row_infop, png_bytep, png_const_color_8p)","png do shift","do : Operations as part of Algorithms","png","1500785518198"
"png_do_write_swap_alpha","FunctionDecl",309,399,"void (png_row_infop, png_bytep)","png do write swap alpha","do : Operations as part of Algorithms | write : Operations as part of Data structure | swap : Operations as part of Algorithms","png | alpha","1500373883543"
"png_do_write_invert_alpha","FunctionDecl",403,494,"void (png_row_infop, png_bytep)","png do write invert alpha","do : Operations as part of Algorithms | write : Operations as part of Data structure | invert : Properties of Datastructure / Function / Blocks","png | alpha","1503046677380"
"png_do_write_transformations","FunctionDecl",500,573,"void (png_structrp, png_row_infop)","png do write transformations","do : Operations as part of Algorithms | write : Operations as part of Data structure","png","1501287602282"
"png_do_strip_channel","CallExpr",526,527,"void","png do strip channel","do : Operations as part of Algorithms","png | channel","1500552420321"
"png_do_packswap","CallExpr",532,532,"void","png do packswap","do : Operations as part of Algorithms","png","1500732873625"
"png_do_pack","CallExpr",537,538,"void","png do pack","do : Operations as part of Algorithms","png","1501627021865"
"png_do_swap","CallExpr",544,544,"void","png do swap","do : Operations as part of Algorithms | swap : Operations as part of Algorithms","png","1500954068778"
"png_do_shift","CallExpr",550,551,"void","png do shift","do : Operations as part of Algorithms","png","1504214673667"
"png_do_write_swap_alpha","CallExpr",556,556,"void","png do write swap alpha","do : Operations as part of Algorithms | write : Operations as part of Data structure | swap : Operations as part of Algorithms","png | alpha","1501666769165"
"png_do_write_invert_alpha","CallExpr",561,561,"void","png do write invert alpha","do : Operations as part of Algorithms | write : Operations as part of Data structure | invert : Properties of Datastructure / Function / Blocks","png | alpha","1502247289196"
"png_do_bgr","CallExpr",566,566,"void","png do bgr","do : Operations as part of Algorithms","png | bgr","1503962980897"
"png_do_invert","CallExpr",571,571,"void","png do invert","do : Operations as part of Algorithms | invert : Properties of Datastructure / Function / Blocks","png","1500384847782"
"bit_depth","MemberRefExpr",29,29,"png_byte","bit depth","bit : Data-Structure and its Components","depth","1501910427807"
"channels","MemberRefExpr",30,30,"png_byte","channels","","","1500494668200"
"width","MemberRefExpr",39,39,"png_uint_32","width","","","1501591198037"
"width","MemberRefExpr",77,77,"png_uint_32","width","","","1502336876507"
"width","MemberRefExpr",117,117,"png_uint_32","width","","","1502042142560"
"bit_depth","MemberRefExpr",155,155,"png_byte","bit depth","bit : Data-Structure and its Components","depth","1501687011531"
"pixel_depth","MemberRefExpr",156,156,"png_byte","pixel depth","","pixel | depth","1502616281185"
"channels","MemberRefExpr",156,156,"png_byte","channels","","","1502715792908"
"rowbytes","MemberRefExpr",157,157,"size_t","rowbytes","","","1501561545419"
"pixel_depth","MemberRefExpr",157,157,"png_byte","pixel depth","","pixel | depth","1501791856257"
"width","MemberRefExpr",158,158,"png_uint_32","width","","","1502583747755"
"pixel_depth","MemberRefExpr",157,157,"png_byte","pixel depth","","pixel | depth","1502052113791"
"width","MemberRefExpr",158,158,"png_uint_32","width","","","1503305454619"
"pixel_depth","MemberRefExpr",157,157,"png_byte","pixel depth","","pixel | depth","1503846639128"
"color_type","MemberRefExpr",177,177,"png_byte","color type","","color","1500004020309"
"color_type","MemberRefExpr",182,182,"png_byte","color type","","color","1500695104839"
"bit_depth","MemberRefExpr",184,184,"png_byte","bit depth","bit : Data-Structure and its Components","depth","1501854078190"
"red","MemberRefExpr",184,184,"const png_byte","red","","red","1502256855391"
"red","MemberRefExpr",185,185,"const png_byte","red","","red","1502896509217"
"bit_depth","MemberRefExpr",188,188,"png_byte","bit depth","bit : Data-Structure and its Components","depth","1501406383400"
"green","MemberRefExpr",188,188,"const png_byte","green","","green","1500889665722"
"green","MemberRefExpr",189,189,"const png_byte","green","","green","1503996214748"
"bit_depth","MemberRefExpr",192,192,"png_byte","bit depth","bit : Data-Structure and its Components","depth","1503894554804"
"blue","MemberRefExpr",192,192,"const png_byte","blue","","blue","1501073784507"
"blue","MemberRefExpr",193,193,"const png_byte","blue","","blue","1500221060930"
"bit_depth","MemberRefExpr",199,199,"png_byte","bit depth","bit : Data-Structure and its Components","depth","1503368145150"
"gray","MemberRefExpr",199,199,"const png_byte","gray","","gray","1501679449148"
"gray","MemberRefExpr",200,200,"const png_byte","gray","","gray","1502294648410"
"color_type","MemberRefExpr",204,204,"png_byte","color type","","color","1503043963984"
"bit_depth","MemberRefExpr",206,206,"png_byte","bit depth","bit : Data-Structure and its Components","depth","1500348196105"
"alpha","MemberRefExpr",206,206,"const png_byte","alpha","","alpha","1503899193023"
"alpha","MemberRefExpr",207,207,"const png_byte","alpha","","alpha","1501826873442"
"bit_depth","MemberRefExpr",212,212,"png_byte","bit depth","bit : Data-Structure and its Components","depth","1503436790448"
"rowbytes","MemberRefExpr",217,217,"size_t","rowbytes","","","1500027600997"
"gray","MemberRefExpr",219,219,"const png_byte","gray","","gray","1502933246261"
"bit_depth","MemberRefExpr",219,219,"png_byte","bit depth","bit : Data-Structure and its Components","depth","1504072510069"
"bit_depth","MemberRefExpr",222,222,"png_byte","bit depth","bit : Data-Structure and its Components","depth","1502004721593"
"gray","MemberRefExpr",222,222,"const png_byte","gray","","gray","1501343738589"
"bit_depth","MemberRefExpr",249,249,"png_byte","bit depth","bit : Data-Structure and its Components","depth","1500470022395"
"width","MemberRefExpr",253,253,"png_uint_32","width","","","1504096737661"
"width","MemberRefExpr",281,281,"png_uint_32","width","","","1501144754383"
"color_type","MemberRefExpr",315,315,"png_byte","color type","","color","1503396264012"
"bit_depth","MemberRefExpr",317,317,"png_byte","bit depth","bit : Data-Structure and its Components","depth","1500342898204"
"width","MemberRefExpr",322,322,"png_uint_32","width","","","1501603070234"
"width","MemberRefExpr",340,340,"png_uint_32","width","","","1502386374847"
"color_type","MemberRefExpr",360,360,"png_byte","color type","","color","1502393800539"
"bit_depth","MemberRefExpr",362,362,"png_byte","bit depth","bit : Data-Structure and its Components","depth","1500292315233"
"width","MemberRefExpr",367,367,"png_uint_32","width","","","1501039511388"
"width","MemberRefExpr",383,383,"png_uint_32","width","","","1502190647949"
"color_type","MemberRefExpr",409,409,"png_byte","color type","","color","1502994058880"
"bit_depth","MemberRefExpr",411,411,"png_byte","bit depth","bit : Data-Structure and its Components","depth","1500238133838"
"width","MemberRefExpr",416,416,"png_uint_32","width","","","1502154256597"
"width","MemberRefExpr",436,436,"png_uint_32","width","","","1502374160252"
"color_type","MemberRefExpr",456,456,"png_byte","color type","","color","1500625584577"
"bit_depth","MemberRefExpr",458,458,"png_byte","bit depth","bit : Data-Structure and its Components","depth","1500937688549"
"width","MemberRefExpr",463,463,"png_uint_32","width","","","1502953229592"
"width","MemberRefExpr",478,478,"png_uint_32","width","","","1501200915570"
"transformations","MemberRefExpr",509,509,"png_uint_32","transformations","","","1503697215027"
"write_user_transform_fn","MemberRefExpr",510,510,"png_user_transform_ptr","write user transform fn","write : Operations as part of Data structure","","1500798496148"
"write_user_transform_fn","MemberRefExpr",511,511,"png_user_transform_ptr","write user transform fn","write : Operations as part of Data structure","","1501801625865"
"row_buf","MemberRefExpr",521,521,"png_bytep","row buf","","","1502763020951"
"transformations","MemberRefExpr",525,525,"png_uint_32","transformations","","","1502788867429"
"row_buf","MemberRefExpr",526,526,"png_bytep","row buf","","","1503676993546"
"flags","MemberRefExpr",527,527,"png_uint_32","flags","","","1502723310337"
"transformations","MemberRefExpr",531,531,"png_uint_32","transformations","","","1504007364090"
"row_buf","MemberRefExpr",532,532,"png_bytep","row buf","","","1503666334628"
"transformations","MemberRefExpr",536,536,"png_uint_32","transformations","","","1504254228737"
"row_buf","MemberRefExpr",537,537,"png_bytep","row buf","","","1502744940715"
"bit_depth","MemberRefExpr",538,538,"png_byte","bit depth","bit : Data-Structure and its Components","depth","1500804851348"
"transformations","MemberRefExpr",543,543,"png_uint_32","transformations","","","1501022596691"
"row_buf","MemberRefExpr",544,544,"png_bytep","row buf","","","1500217373519"
"transformations","MemberRefExpr",549,549,"png_uint_32","transformations","","","1503189352741"
"row_buf","MemberRefExpr",550,550,"png_bytep","row buf","","","1501149153187"
"shift","MemberRefExpr",551,551,"png_color_8","shift","","","1502172485911"
"transformations","MemberRefExpr",555,555,"png_uint_32","transformations","","","1502740308953"
"row_buf","MemberRefExpr",556,556,"png_bytep","row buf","","","1501328769722"
"transformations","MemberRefExpr",560,560,"png_uint_32","transformations","","","1501456048073"
"row_buf","MemberRefExpr",561,561,"png_bytep","row buf","","","1500258932180"
"transformations","MemberRefExpr",565,565,"png_uint_32","transformations","","","1500062619509"
"row_buf","MemberRefExpr",566,566,"png_bytep","row buf","","","1502313399564"
"transformations","MemberRefExpr",570,570,"png_uint_32","transformations","","","1503216715533"
"row_buf","MemberRefExpr",571,571,"png_bytep","row buf","","","1501632381887"
"png_row_infop","TypeRef",25,25,"png_row_infop","png row infop","","png","1503550539304"
"png_bytep","TypeRef",25,25,"png_bytep","png bytep","","png","1501952821165"
"png_uint_32","TypeRef",25,25,"png_uint_32","png uint 32","","png","1502340902669"
"png_bytep","TypeRef",36,36,"png_bytep","png bytep","","png","1501952821165"
"png_uint_32","TypeRef",38,38,"png_uint_32","png uint 32","","png","1502340902669"
"png_uint_32","TypeRef",39,39,"png_uint_32","png uint 32","","png","1502340902669"
"png_byte","TypeRef",59,59,"png_byte","png byte","byte : Time Complexity / Space Complexity/ Memory/ Exception","png","1503716263939"
"png_byte","TypeRef",66,66,"png_byte","png byte","byte : Time Complexity / Space Complexity/ Memory/ Exception","png","1503716263939"
"png_bytep","TypeRef",73,73,"png_bytep","png bytep","","png","1501952821165"
"png_uint_32","TypeRef",76,76,"png_uint_32","png uint 32","","png","1502340902669"
"png_uint_32","TypeRef",77,77,"png_uint_32","png uint 32","","png","1502340902669"
"png_byte","TypeRef",86,86,"png_byte","png byte","byte : Time Complexity / Space Complexity/ Memory/ Exception","png","1503716263939"
"png_byte","TypeRef",88,88,"png_byte","png byte","byte : Time Complexity / Space Complexity/ Memory/ Exception","png","1503716263939"
"png_byte","TypeRef",94,94,"png_byte","png byte","byte : Time Complexity / Space Complexity/ Memory/ Exception","png","1503716263939"
"png_byte","TypeRef",106,106,"png_byte","png byte","byte : Time Complexity / Space Complexity/ Memory/ Exception","png","1503716263939"
"png_bytep","TypeRef",113,113,"png_bytep","png bytep","","png","1501952821165"
"png_uint_32","TypeRef",116,116,"png_uint_32","png uint 32","","png","1502340902669"
"png_uint_32","TypeRef",117,117,"png_uint_32","png uint 32","","png","1502340902669"
"png_byte","TypeRef",126,126,"png_byte","png byte","byte : Time Complexity / Space Complexity/ Memory/ Exception","png","1503716263939"
"png_byte","TypeRef",128,128,"png_byte","png byte","byte : Time Complexity / Space Complexity/ Memory/ Exception","png","1503716263939"
"png_byte","TypeRef",134,134,"png_byte","png byte","byte : Time Complexity / Space Complexity/ Memory/ Exception","png","1503716263939"
"png_byte","TypeRef",146,146,"png_byte","png byte","byte : Time Complexity / Space Complexity/ Memory/ Exception","png","1503716263939"
"png_byte","TypeRef",155,155,"png_byte","png byte","byte : Time Complexity / Space Complexity/ Memory/ Exception","png","1503716263939"
"png_byte","TypeRef",156,156,"png_byte","png byte","byte : Time Complexity / Space Complexity/ Memory/ Exception","png","1503716263939"
"size_t","TypeRef",157,158,"size_t","size t","size : Data-Structure and its Components","","1500731733430"
"size_t","TypeRef",157,158,"size_t","size t","size : Data-Structure and its Components","","1500731733430"
"size_t","TypeRef",157,158,"size_t","size t","size : Data-Structure and its Components","","1500731733430"
"size_t","TypeRef",157,158,"size_t","size t","size : Data-Structure and its Components","","1500731733430"
"png_row_infop","TypeRef",172,172,"png_row_infop","png row infop","","png","1503550539304"
"png_bytep","TypeRef",172,172,"png_bytep","png bytep","","png","1501952821165"
"png_const_color_8p","TypeRef",173,173,"png_const_color_8p","png const color 8p","const : Properties of Datastructure / Function / Blocks","png | color","1502873537882"
"png_bytep","TypeRef",214,214,"png_bytep","png bytep","","png","1501952821165"
"size_t","TypeRef",215,215,"size_t","size t","size : Data-Structure and its Components","","1500731733430"
"size_t","TypeRef",217,217,"size_t","size t","size : Data-Structure and its Components","","1500731733430"
"png_byte","TypeRef",245,245,"png_byte","png byte","byte : Time Complexity / Space Complexity/ Memory/ Exception","png","1503716263939"
"png_bytep","TypeRef",251,251,"png_bytep","png bytep","","png","1501952821165"
"png_uint_32","TypeRef",252,252,"png_uint_32","png uint 32","","png","1502340902669"
"png_uint_32","TypeRef",253,253,"png_uint_32","png uint 32","","png","1502340902669"
"png_byte","TypeRef",273,273,"png_byte","png byte","byte : Time Complexity / Space Complexity/ Memory/ Exception","png","1503716263939"
"png_bytep","TypeRef",279,279,"png_bytep","png bytep","","png","1501952821165"
"png_uint_32","TypeRef",280,280,"png_uint_32","png uint 32","","png","1502340902669"
"png_uint_32","TypeRef",281,281,"png_uint_32","png uint 32","","png","1502340902669"
"png_uint_16","TypeRef",289,289,"png_uint_16","png uint 16","","png","1503790715539"
"png_byte","TypeRef",300,300,"png_byte","png byte","byte : Time Complexity / Space Complexity/ Memory/ Exception","png","1503716263939"
"png_byte","TypeRef",301,301,"png_byte","png byte","byte : Time Complexity / Space Complexity/ Memory/ Exception","png","1503716263939"
"png_row_infop","TypeRef",310,310,"png_row_infop","png row infop","","png","1503550539304"
"png_bytep","TypeRef",310,310,"png_bytep","png bytep","","png","1501952821165"
"png_bytep","TypeRef",320,320,"png_bytep","png bytep","","png","1501952821165"
"png_uint_32","TypeRef",321,321,"png_uint_32","png uint 32","","png","1502340902669"
"png_uint_32","TypeRef",322,322,"png_uint_32","png uint 32","","png","1502340902669"
"png_byte","TypeRef",326,326,"png_byte","png byte","byte : Time Complexity / Space Complexity/ Memory/ Exception","png","1503716263939"
"png_bytep","TypeRef",338,338,"png_bytep","png bytep","","png","1501952821165"
"png_uint_32","TypeRef",339,339,"png_uint_32","png uint 32","","png","1502340902669"
"png_uint_32","TypeRef",340,340,"png_uint_32","png uint 32","","png","1502340902669"
"png_byte","TypeRef",344,344,"png_byte","png byte","byte : Time Complexity / Space Complexity/ Memory/ Exception","png","1503716263939"
"png_bytep","TypeRef",365,365,"png_bytep","png bytep","","png","1501952821165"
"png_uint_32","TypeRef",366,366,"png_uint_32","png uint 32","","png","1502340902669"
"png_uint_32","TypeRef",367,367,"png_uint_32","png uint 32","","png","1502340902669"
"png_byte","TypeRef",371,371,"png_byte","png byte","byte : Time Complexity / Space Complexity/ Memory/ Exception","png","1503716263939"
"png_bytep","TypeRef",381,381,"png_bytep","png bytep","","png","1501952821165"
"png_uint_32","TypeRef",382,382,"png_uint_32","png uint 32","","png","1502340902669"
"png_uint_32","TypeRef",383,383,"png_uint_32","png uint 32","","png","1502340902669"
"png_byte","TypeRef",387,387,"png_byte","png byte","byte : Time Complexity / Space Complexity/ Memory/ Exception","png","1503716263939"
"png_row_infop","TypeRef",404,404,"png_row_infop","png row infop","","png","1503550539304"
"png_bytep","TypeRef",404,404,"png_bytep","png bytep","","png","1501952821165"
"png_bytep","TypeRef",414,414,"png_bytep","png bytep","","png","1501952821165"
"png_uint_32","TypeRef",415,415,"png_uint_32","png uint 32","","png","1502340902669"
"png_uint_32","TypeRef",416,416,"png_uint_32","png uint 32","","png","1502340902669"
"png_byte","TypeRef",426,426,"png_byte","png byte","byte : Time Complexity / Space Complexity/ Memory/ Exception","png","1503716263939"
"png_bytep","TypeRef",434,434,"png_bytep","png bytep","","png","1501952821165"
"png_uint_32","TypeRef",435,435,"png_uint_32","png uint 32","","png","1502340902669"
"png_uint_32","TypeRef",436,436,"png_uint_32","png uint 32","","png","1502340902669"
"png_byte","TypeRef",449,449,"png_byte","png byte","byte : Time Complexity / Space Complexity/ Memory/ Exception","png","1503716263939"
"png_byte","TypeRef",450,450,"png_byte","png byte","byte : Time Complexity / Space Complexity/ Memory/ Exception","png","1503716263939"
"png_bytep","TypeRef",461,461,"png_bytep","png bytep","","png","1501952821165"
"png_uint_32","TypeRef",462,462,"png_uint_32","png uint 32","","png","1502340902669"
"png_uint_32","TypeRef",463,463,"png_uint_32","png uint 32","","png","1502340902669"
"png_byte","TypeRef",468,468,"png_byte","png byte","byte : Time Complexity / Space Complexity/ Memory/ Exception","png","1503716263939"
"png_bytep","TypeRef",476,476,"png_bytep","png bytep","","png","1501952821165"
"png_uint_32","TypeRef",477,477,"png_uint_32","png uint 32","","png","1502340902669"
"png_uint_32","TypeRef",478,478,"png_uint_32","png uint 32","","png","1502340902669"
"png_byte","TypeRef",487,487,"png_byte","png byte","byte : Time Complexity / Space Complexity/ Memory/ Exception","png","1503716263939"
"png_byte","TypeRef",488,488,"png_byte","png byte","byte : Time Complexity / Space Complexity/ Memory/ Exception","png","1503716263939"
"png_structrp","TypeRef",501,501,"png_structrp","png structrp","","png","1501801790729"
"png_row_infop","TypeRef",501,501,"png_row_infop","png row infop","","png","1503550539304"
"png_uint_32","TypeRef",538,538,"png_uint_32","png uint 32","","png","1502340902669"
